Year,Country of birth,Total,Family-sponsored preferences,Employment-based preferences,Immediate relatives of U.S. citizens,Diversity,Other
2019,Total,459252,194291,185140,28769,42460,8592
2019,Mexico,55913,34305,20707,840,7,54
2019,Dominican Republic,39232,13595,25572,61,D,D
2019,Vietnam,30584,7979,21657,860,D,D
2019,Philippines,28149,10079,13486,4573,8,3
2019,China (People's Republic),26395,9606,12027,4738,19,5
2019,India,24362,9351,12732,2244,24,11
2019,Bangladesh,13235,5389,7702,142,D,D
2019,El Salvador,10954,5664,5192,84,D,D
2019,Jamaica,10775,5050,4761,964,0,0
2019,Pakistan,9020,3885,4652,423,13,47
2019,Afghanistan,8978,550,323,12,254,7839
2019,Cuba,8040,3592,4332,4,112,0
2019,Haiti,7170,3561,3530,D,D,0
2019,Nigeria,6702,3394,2432,864,D,D
2019,Honduras,6530,4725,1717,46,23,19
2019,Egypt,6299,1766,976,250,3307,0
2019,Ghana,6238,4158,1345,130,605,0
2019,Ecuador,5974,2930,2850,88,103,3
2019,Colombia,5963,3443,2326,D,D,0
2019,Guatemala,5744,3536,2079,67,33,29
2019,Ethiopia,5509,2526,1345,120,1518,0
2019,Nepal,5323,1441,819,D,2889,D
2019,South Korea,5063,1751,666,2632,14,0
2019,Peru,4787,2301,2414,D,D,0
2019,Albania,4449,1016,1248,48,2137,0
2019,Ukraine,4411,1555,843,D,1869,D
2019,Russia,4204,1299,498,D,2131,D
2019,Brazil,3791,2342,617,823,D,D
2019,Guyana,3707,887,2770,40,10,0
2019,Yemen,3375,2161,1120,61,33,0
2019,Kenya,3371,1227,503,521,1120,0
2019,Congo (Democratic Republic),3284,334,296,29,2625,0
2019,Jordan,2788,1348,1089,77,269,5
2019,Cameroon,2779,891,485,10,1393,0
2019,Morocco,2711,1160,339,31,1181,0
2019,Venezuela,2625,1072,576,367,610,0
2019,United Kingdom,2621,1642,426,499,47,7
2019,Liberia,2343,949,486,D,900,D
2019,Turkey,2277,572,181,233,1284,7
2019,Armenia,2147,584,289,70,1204,0
2019,Nicaragua,2129,1330,776,17,D,D
2019,Taiwan,2112,549,827,580,D,D
2019,Canada,2090,1039,400,421,46,184
2019,Cambodia,2007,1248,574,107,78,0
2019,Algeria,1884,411,139,13,1321,0
2019,Sudan,1841,465,126,11,1239,0
2019,Iraq,1779,891,383,30,278,197
2019,Uzbekistan,1673,214,556,12,887,4
2019,Lebanon,1467,595,714,83,D,D
2019,Japan,1460,944,D,241,164,D
2019,Thailand,1437,1045,266,83,43,0
2019,Burma,1371,579,573,D,186,D
2019,Poland,1358,500,452,D,218,D
2019,Cabo Verde,1345,376,960,6,3,0
2019,Trinidad and Tobago,1325,604,669,47,5,0
2019,Belarus,1289,250,143,25,871,0
2019,Togo,1252,433,200,12,607,0
2019,Germany,1225,778,128,D,204,D
2019,Saudi Arabia,1184,337,290,D,403,D
2019,Guinea,1171,750,176,7,238,0
2019,Senegal,1108,754,238,30,86,0
2019,Hong Kong,1101,213,542,308,38,0
2019,Georgia,1098,350,127,27,594,0
2019,Sierra Leone,1036,686,202,D,D,0
2019,Tajikistan,976,60,58,22,836,0
2019,Cote d'Ivoire,971,393,186,13,379,0
2019,Iran,964,417,305,64,158,20
2019,South Africa,942,399,D,227,204,D
2019,Unknown,934,585,316,6,27,0
2019,United Arab Emirates,903,148,249,363,137,6
2019,Italy,873,440,158,124,151,0
2019,Moldova,856,217,89,19,531,0
2019,Gambia,852,672,146,10,24,0
2019,Bulgaria,827,448,141,D,215,D
2019,Eritrea,821,408,178,137,98,0
2019,Azerbaijan,820,118,47,24,631,0
2019,France,819,339,119,170,187,4
2019,Sri Lanka,815,262,178,D,333,D
2019,Romania,812,367,188,D,198,D
2019,Australia,781,344,D,68,293,D
2019,Kosovo,752,259,268,5,220,0
2019,Kazakhstan,720,165,54,38,463,0
2019,Kuwait,670,159,220,233,D,D
2019,Costa Rica,652,432,185,27,8,0
2019,Argentina,641,302,144,152,43,0
2019,Syria,622,253,262,53,54,0
2019,North Macedonia (formerly Macedonia),620,206,202,17,195,0
2019,Uganda,613,302,123,42,146,0
2019,Israel,604,342,118,79,62,3
2019,Fiji,592,146,291,5,150,0
2019,Indonesia,586,309,193,24,60,0
2019,Bolivia,563,282,239,32,D,D
2019,Kyrgyzstan,508,119,36,21,329,3
2019,Spain,481,229,129,67,D,D
2019,Serbia,466,149,111,22,184,0
2019,Rwanda,429,43,49,8,329,0
2019,Benin,425,121,48,5,251,0
2019,Greece,419,184,84,D,98,D
2019,Malaysia,376,163,136,52,D,D
2019,Panama,349,208,130,D,0,D
2019,Mali,339,263,50,0,26,0
2019,Laos,325,212,101,D,D,0
2019,Dominica,322,136,170,12,4,0
2019,Mongolia,320,86,42,D,159,D
2019,Chile,313,190,92,16,15,0
2019,Somalia,303,240,59,D,D,0
2019,Saint Lucia,298,144,132,D,D,0
2019,Burkina Faso,284,139,36,9,100,0
2019,Belize,280,140,135,5,0,0
2019,Tanzania,272,139,64,22,47,0
2019,Netherlands,267,176,32,29,D,D
2019,Lithuania,264,95,60,10,99,0
2019,Zimbabwe,259,115,45,66,33,0
2019,Bosnia and Herzegovina,252,110,98,17,27,0
2019,Ireland,243,123,29,71,20,0
2019,Grenada,237,136,D,0,D,0
2019,New Zealand,236,87,44,36,69,0
2019,Hungary,232,140,29,29,34,0
2019,Burundi,225,80,11,0,134,0
2019,Congo (Republic),215,53,D,17,136,D
2019,Bahamas,214,108,64,34,8,0
2019,Turkmenistan,214,33,D,D,161,0
2019,Tunisia,212,142,20,13,37,0
2019,Libya,195,129,23,12,31,0
2019,Saint Vincent and the Grenadines,183,110,59,14,0,0
2019,Sweden,183,114,28,34,D,D
2019,Qatar,178,33,45,58,42,0
2019,Montenegro,177,69,97,D,D,0
2019,Antigua and Barbuda,164,72,83,D,D,0
2019,Singapore,159,64,49,42,4,0
2019,Portugal,154,86,40,20,8,0
2019,Saint Kitts and Nevis,152,D,106,D,0,0
2019,Barbados,141,59,62,20,0,0
2019,Switzerland,136,80,8,31,17,0
2019,Belgium,134,71,D,24,24,D
2019,Uruguay,133,95,26,6,6,0
2019,Latvia,128,78,20,7,23,0
2019,Czechia,124,59,18,20,27,0
2019,Mauritania,117,67,34,0,16,0
2019,South Sudan,115,84,8,13,10,0
2019,Paraguay,114,68,39,D,D,0
2019,Zambia,98,56,15,18,9,0
2019,Austria,93,55,23,10,5,0
2019,Bahrain,87,D,25,37,D,0
2019,Niger,87,56,D,D,25,0
2019,Slovakia,87,41,15,15,16,0
2019,Croatia,84,36,24,12,12,0
2019,Finland,82,44,10,12,16,0
2019,Denmark,76,44,11,11,7,3
2019,Tonga,76,26,37,0,13,0
2019,Oman,75,10,10,49,6,0
2019,Norway,67,53,6,4,D,D
2019,Suriname,65,24,38,3,0,0
2019,Macau,62,14,28,17,3,0
2019,Angola,61,21,22,0,18,0
2019,Djibouti,56,17,13,0,26,0
2019,Estonia,52,23,D,D,20,0
2019,Chad,47,19,0,4,24,0
2019,Bhutan,37,17,D,D,16,0
2019,Samoa,37,29,D,D,0,0
2019,Gabon,36,16,7,0,13,0
2019,Madagascar,31,11,D,15,D,0
2019,Malawi,30,16,6,5,3,0
2019,All other countries,30,9,D,D,11,0
2019,Bermuda,28,19,4,5,0,0
2019,Cyprus,27,15,6,3,3,0
2019,Central African Republic,25,10,6,0,9,0
2019,Guinea-Bissau,24,20,D,0,D,0
2019,Mauritius,22,12,5,0,5,0
2019,Namibia,21,10,0,4,7,0
2019,Soviet Union (former),18,13,D,0,D,0
2019,Virgin Islands (British),18,5,10,3,0,0
2019,Cayman Islands,16,D,9,D,0,0
2019,Iceland,14,7,D,D,3,0
2019,Slovenia,13,9,D,D,D,0
2019,Aruba,12,5,D,D,0,0
2019,Mozambique,12,D,D,D,0,0
2019,Curacao,11,5,D,D,0,0
2019,United States,11,D,D,0,D,0
2019,Brunei,9,3,3,3,0,0
2019,North Korea,9,D,0,D,0,0
2019,Botswana,7,7,0,0,0,0
2019,French Polynesia,7,D,0,D,0,0
2019,Lesotho,7,5,D,0,D,0
2019,Papua New Guinea,7,D,0,0,D,0
2019,Eswatini (formerly Swaziland),6,D,3,0,D,0
2019,Malta,6,D,0,D,D,0
2019,Montserrat,6,3,3,0,0,0
2019,Turks and Caicos Islands,6,D,D,0,0,0
2019,Luxembourg,5,D,D,0,0,0
2019,Equatorial Guinea,3,D,D,0,0,0
2019,Marshall Islands,3,3,0,0,0,0
2019,Netherlands Antilles (former),3,D,D,0,0,0
2019,Serbia and Montenegro (former),3,3,0,0,0,0
2019,Anguilla,D,0,D,0,0,0
2019,Micronesia (Federated States),D,D,0,0,D,0
2019,Palau,D,0,0,D,0,0
2019,Sint Maarten,D,D,0,0,0,0
2018,Total,528727,241640,204115,27824,44233,10915
2018,Mexico,77029,48008,28482,492,D,D
2018,Dominican Republic,49261,19045,30177,37,0,2
2018,Philippines,29546,11023,14607,3911,3,2
2018,China (People's Republic),26895,10151,10788,5928,24,4
2018,Vietnam,26288,9603,15816,775,9,85
2018,India,25459,10821,13619,932,62,25
2018,Haiti,15089,7332,7681,75,0,1
2018,Bangladesh,13875,6711,7074,81,9,0
2018,Jamaica,12642,6445,5422,772,3,0
2018,El Salvador,11303,5210,6020,55,0,18
2018,Afghanistan,10422,410,270,0,123,9619
2018,Pakistan,10304,4942,5047,298,6,11
2018,Guatemala,8805,5893,2825,38,24,25
2018,United States,8320,5866,1623,763,68,0
2018,Ethiopia,7653,3548,1910,92,2103,0
2018,Ecuador,7133,3735,3092,59,237,10
2018,Nigeria,7105,4267,2425,383,28,2
2018,Unknown,6782,3674,2161,671,249,27
2018,Honduras,6505,4328,2097,26,46,8
2018,Egypt,6378,1862,1066,148,3301,1
2018,Ghana,6363,3964,1545,39,815,0
2018,Colombia,6113,3289,2691,110,23,0
2018,Nepal,5968,1582,951,197,3237,1
2018,Peru,5165,2581,2523,49,10,2
2018,Cuba,5104,2226,2726,D,D,0
2018,Ukraine,4957,1493,943,85,2436,0
2018,South Korea,4768,1722,875,2146,23,2
2018,Canada,4475,1965,1426,717,194,173
2018,Brazil,4177,2935,646,582,13,1
2018,Albania,4039,1057,769,20,2192,1
2018,United Kingdom,3887,2013,766,910,180,18
2018,Russia,3819,1133,538,248,1894,6
2018,Uzbekistan,3691,230,493,13,2954,1
2018,Guyana,3508,877,2627,D,D,0
2018,Kenya,3369,1682,510,278,898,1
2018,Venezuela,2965,1257,673,408,627,0
2018,Congo (Democratic Republic),2911,357,316,11,2227,0
2018,Cameroon,2865,1038,496,7,1324,0
2018,Jordan,2705,1427,1024,73,153,28
2018,Armenia,2565,903,297,57,1308,0
2018,United Arab Emirates,2467,682,535,909,307,34
2018,Cambodia,2462,1597,595,162,108,0
2018,Turkey,2339,667,194,181,1258,39
2018,Taiwan,2156,557,890,568,139,2
2018,Liberia,2134,848,353,10,923,0
2018,Morocco,2000,1094,258,19,629,0
2018,Nicaragua,1950,1188,733,24,4,1
2018,Japan,1856,1323,132,251,145,5
2018,Saudi Arabia,1800,543,414,322,519,2
2018,Iran,1779,686,466,82,542,3
2018,Germany,1777,1098,227,123,308,21
2018,Algeria,1756,464,209,13,1070,0
2018,Sudan,1729,715,160,17,837,0
2018,Iraq,1680,631,252,19,194,584
2018,Hong Kong,1659,391,984,229,55,0
2018,Lebanon,1594,743,745,87,18,1
2018,Poland,1566,537,683,81,265,0
2018,Thailand,1521,1123,282,81,35,0
2018,Trinidad and Tobago,1359,673,614,50,22,0
2018,Australia,1349,442,250,216,434,7
2018,Cabo Verde,1343,415,924,D,D,0
2018,Togo,1241,514,D,D,504,0
2018,Belarus,1107,217,126,17,747,0
2018,France,1107,497,228,174,206,2
2018,Italy,1092,563,254,119,155,1
2018,Sierra Leone,1059,729,218,0,112,0
2018,Burma,1036,488,449,8,91,0
2018,Georgia,1018,315,144,32,527,0
2018,Bulgaria,916,403,170,30,311,2
2018,Senegal,912,601,201,17,93,0
2018,Djibouti,908,738,134,0,35,1
2018,South Africa,901,372,109,238,182,0
2018,Spain,872,387,283,122,80,0
2018,Israel,859,498,133,141,87,0
2018,Moldova,858,153,102,16,586,1
2018,Costa Rica,824,605,180,30,9,0
2018,Guinea,798,565,122,D,D,0
2018,Cote d'Ivoire,752,289,147,16,300,0
2018,Malaysia,746,327,318,70,27,4
2018,Uganda,745,419,159,37,125,5
2018,Romania,722,333,179,46,161,3
2018,Macedonia,683,246,188,9,239,1
2018,Sri Lanka,617,246,150,15,206,0
2018,Kuwait,605,212,147,198,48,0
2018,Azerbaijan,595,81,38,11,465,0
2018,Tajikistan,595,45,21,11,513,5
2018,Greece,589,328,87,47,123,4
2018,Kosovo,586,229,D,D,210,0
2018,Gambia,552,395,144,D,10,D
2018,Bolivia,547,297,214,17,18,1
2018,Fiji,531,D,236,D,148,0
2018,Kazakhstan,526,116,44,15,351,0
2018,Syria,492,217,255,8,12,0
2018,Singapore,487,164,107,194,21,1
2018,Panama,480,258,182,18,22,0
2018,Serbia,477,147,93,22,215,0
2018,Qatar,475,127,104,124,120,0
2018,Indonesia,471,299,120,21,31,0
2018,Kyrgyzstan,461,110,56,3,291,1
2018,Argentina,454,245,114,58,36,1
2018,Benin,420,133,58,0,229,0
2018,Saint Lucia,393,219,153,16,5,0
2018,Chile,377,210,129,15,23,0
2018,New Zealand,366,122,78,77,89,0
2018,Rwanda,360,41,56,18,245,0
2018,Laos,334,218,106,D,D,0
2018,Netherlands,330,173,74,45,37,1
2018,Dominica,328,143,179,6,0,0
2018,Sweden,320,168,78,29,34,11
2018,Ireland,278,105,53,94,26,0
2018,Bosnia and Herzegovina,275,102,112,6,55,0
2018,Burkina Faso,275,116,43,7,109,0
2018,Bahamas,269,176,51,D,D,0
2018,Belize,255,154,91,D,D,0
2018,Hungary,248,109,38,42,59,0
2018,Grenada,242,151,79,D,D,0
2018,Mongolia,240,78,20,16,126,0
2018,Tanzania,236,145,41,21,29,0
2018,Antigua and Barbuda,232,114,111,7,0,0
2018,Mali,226,168,43,3,11,1
2018,Tunisia,213,157,13,3,40,0
2018,Portugal,210,96,70,19,25,0
2018,Barbados,206,114,71,18,3,0
2018,Saint Kitts and Nevis,198,61,137,0,0,0
2018,Lithuania,189,78,31,0,80,0
2018,Zimbabwe,188,121,29,9,29,0
2018,Oman,187,63,25,73,26,0
2018,Eritrea,184,113,21,32,18,0
2018,Switzerland,182,111,30,27,14,0
2018,Saint Vincent and the Grenadines,166,86,74,6,0,0
2018,Belgium,161,80,23,20,23,15
2018,Montenegro,154,78,59,6,11,0
2018,Bahrain,149,61,41,33,14,0
2018,Latvia,148,110,11,4,23,0
2018,Turkmenistan,142,24,18,3,96,1
2018,Austria,138,52,36,11,23,16
2018,Czechia,132,60,14,21,37,0
2018,Zambia,131,82,24,13,12,0
2018,Congo (Republic),117,30,13,22,52,0
2018,Denmark,117,72,10,13,22,0
2018,Niger,105,71,5,10,19,0
2018,Norway,105,47,15,15,21,7
2018,Burundi,102,46,D,D,40,0
2018,Uruguay,102,64,21,3,14,0
2018,Macau,94,17,69,5,3,0
2018,Finland,92,37,20,10,25,0
2018,Paraguay,87,60,27,0,0,0
2018,Suriname,87,43,44,0,0,0
2018,Libya,84,66,3,3,12,0
2018,Angola,77,34,16,4,23,0
2018,Slovakia,77,37,16,4,19,1
2018,Croatia,76,34,25,5,12,0
2018,Tonga,72,34,25,0,13,0
2018,Yemen,66,59,D,0,D,0
2018,Mauritania,63,52,D,D,6,0
2018,Bermuda,58,33,6,19,0,0
2018,Cayman Islands,57,30,20,7,0,0
2018,Gabon,50,22,10,6,12,0
2018,Sint Maarten,44,22,22,0,0,0
2018,Estonia,43,17,9,6,11,0
2018,Virgin Islands (British),43,16,21,6,0,0
2018,Malawi,42,26,9,3,4,0
2018,Cyprus,41,13,3,12,13,0
2018,South Sudan,38,26,8,D,D,0
2018,Madagascar,36,9,6,12,9,0
2018,All other countries,36,17,D,14,D,0
2018,Somalia,31,25,6,0,0,0
2018,Botswana,30,17,D,D,7,0
2018,Slovenia,28,11,D,D,12,0
2018,Puerto Rico,27,21,6,0,0,0
2018,Curacao,26,10,12,4,0,0
2018,Samoa,26,14,4,0,3,5
2018,Turks and Caicos Islands,22,14,D,D,0,0
2018,Anguilla,21,5,12,4,0,0
2018,Aruba,19,13,D,D,0,0
2018,Iceland,19,7,D,8,D,0
2018,American Samoa,18,10,D,D,4,0
2018,Mozambique,17,14,D,D,0,0
2018,Virgin Islands (U.S.),16,13,3,0,0,0
2018,Bhutan,15,10,D,0,D,0
2018,Chad,15,D,D,0,7,0
2018,Luxembourg,15,9,0,0,D,D
2018,Mauritius,14,7,4,3,0,0
2018,Soviet Union (former),13,D,0,D,0,0
2018,Brunei,12,D,D,8,0,0
2018,Lesotho,11,7,0,0,4,0
2018,Namibia,10,5,D,D,0,0
2018,Malta,9,6,D,0,D,0
2018,Marshall Islands,9,9,0,0,0,0
2018,Central African Republic,8,D,D,0,0,0
2018,Guinea-Bissau,7,D,D,0,0,0
2018,Papua New Guinea,5,D,D,0,0,0
2018,Eswatini (formerly Swaziland),4,D,D,0,0,0
2018,Montserrat,3,D,D,0,0,0
2018,Czechoslovakia (former),0,0,0,0,0,0
2018,North Korea,0,0,0,0,0,0
2018,Serbia and Montenegro (former),0,0,0,0,0,0
2018,Equatorial Guinea,D,D,0,0,0,0
2018,Micronesia (Federated States),D,D,0,0,0,0
2018,Monaco,D,D,0,D,0,0
2017,Total,578081,218760,24525,264277,50674,19845
2017,Mexico,83161,26912,291,55915,3,40
2017,Dominican Republic,49630,30033,69,19523,3,2
2017,China (People's Republic),37075,15330,7912,13809,17,7
2017,Philippines,31201,13151,4854,13190,4,2
2017,Vietnam,30235,19066,660,10482,D,D
2017,India,26881,14451,787,11591,37,15
2017,Afghanistan,18170,340,20,808,159,16843
2017,Haiti,16990,8984,173,7833,0,0
2017,El Salvador,15466,7281,63,8114,D,D
2017,Jamaica,13903,5991,D,7268,D,0
2017,Bangladesh,13170,7658,56,5455,0,1
2017,Pakistan,12815,6767,332,5696,8,12
2017,Ethiopia,10292,2287,77,5333,2595,0
2017,Cuba,9627,4743,4,4483,396,1
2017,Iran,7442,2279,446,2164,2547,6
2017,Colombia,7437,3264,94,4068,9,2
2017,Nigeria,7012,2575,217,4205,15,0
2017,Guatemala,6624,2479,28,4091,6,20
2017,Ecuador,6512,3065,53,3390,D,D
2017,Egypt,6489,1097,175,2306,2909,2
2017,Ghana,6269,1639,24,3935,671,0
2017,Nepal,6064,997,138,1747,3180,2
2017,Yemen,5683,1626,26,3758,273,0
2017,Peru,5431,2733,51,2642,4,1
2017,Honduras,5284,1716,23,3507,32,6
2017,Albania,5017,1074,28,1590,2324,1
2017,South Korea,4929,936,2350,1636,7,0
2017,Ukraine,4897,983,75,1838,2000,1
2017,Guyana,4337,3119,D,1209,D,0
2017,Iraq,4087,314,14,1096,166,2497
2017,Kenya,3865,501,165,1916,1282,1
2017,Congo (Democratic Republic),3626,274,12,356,2984,0
2017,Brazil,3584,594,275,2704,8,3
2017,Russia,3548,466,217,1377,1486,2
2017,Jordan,3514,1533,58,1796,111,16
2017,Cambodia,3471,727,104,2411,229,0
2017,Cameroon,3368,493,3,1321,1551,0
2017,Uzbekistan,3290,597,15,304,2374,0
2017,Liberia,3218,556,27,1244,1391,0
2017,Morocco,3146,327,11,1465,1343,0
2017,Venezuela,3063,623,248,1042,1150,0
2017,Syria,2708,1218,72,1264,147,7
2017,United Kingdom,2656,497,387,1687,78,7
2017,Armenia,2652,330,54,787,1480,1
2017,Canada,2373,562,309,1246,41,215
2017,Sudan,2178,79,4,487,1608,0
2017,Turkey,2055,149,131,592,1175,8
2017,Cabo Verde,1986,1401,D,581,D,0
2017,Nicaragua,1950,720,12,1212,3,3
2017,Somalia,1931,256,D,1589,D,0
2017,Algeria,1827,135,13,349,1329,1
2017,Lebanon,1827,833,78,853,62,1
2017,Sierra Leone,1673,252,5,951,465,0
2017,Poland,1630,730,44,612,243,1
2017,Japan,1557,152,150,1102,150,3
2017,Taiwan,1551,724,255,408,163,1
2017,Hong Kong,1505,968,256,248,33,0
2017,Moldova,1467,75,6,187,1197,2
2017,Thailand,1373,277,36,1042,18,0
2017,Germany,1371,156,76,883,249,7
2017,Burma,1350,570,13,616,151,0
2017,Trinidad and Tobago,1303,620,27,640,16,0
2017,Togo,1298,151,3,447,697,0
2017,Cote d'Ivoire,1235,D,D,416,620,0
2017,Bulgaria,1121,155,19,458,487,2
2017,Georgia,1109,130,14,432,533,0
2017,Unknown,1108,397,11,671,24,5
2017,Saudi Arabia,1092,318,94,358,321,1
2017,Belarus,1084,111,22,283,668,0
2017,Romania,1007,236,26,470,273,2
2017,France,940,135,133,454,215,3
2017,Guinea,923,121,6,511,285,0
2017,Senegal,906,160,16,618,112,0
2017,Italy,902,164,82,467,188,1
2017,Eritrea,894,264,21,503,106,0
2017,South Africa,871,111,96,383,281,0
2017,Sri Lanka,770,239,26,294,211,0
2017,Kosovo,748,146,0,301,301,0
2017,Australia,730,72,59,325,272,2
2017,Costa Rica,706,123,10,555,17,1
2017,United Arab Emirates,703,231,117,210,120,25
2017,Kazakhstan,649,76,20,161,392,0
2017,Uganda,649,130,47,325,146,1
2017,Macedonia,644,208,5,204,227,0
2017,Israel,638,104,78,384,69,3
2017,Bolivia,633,242,14,359,18,0
2017,Fiji,615,272,0,154,189,0
2017,Indonesia,605,187,18,361,39,0
2017,Azerbaijan,602,59,10,175,358,0
2017,Gambia,583,138,4,428,13,0
2017,Argentina,571,105,80,359,27,0
2017,Kuwait,558,244,49,217,45,3
2017,Serbia,556,108,15,162,271,0
2017,Spain,521,97,36,290,97,1
2017,Libya,502,22,9,336,131,4
2017,Greece,469,67,20,253,129,0
2017,Benin,459,27,9,126,297,0
2017,Malaysia,446,162,44,192,48,0
2017,Tajikistan,434,22,0,52,356,4
2017,Saint Lucia,382,154,14,208,6,0
2017,Panama,362,145,D,211,D,0
2017,Dominica,359,178,6,172,3,0
2017,Kyrgyzstan,351,42,5,112,192,0
2017,Bosnia and Herzegovina,344,116,5,156,67,0
2017,Laos,317,109,16,192,0,0
2017,Rwanda,309,31,12,47,219,0
2017,Tunisia,307,17,12,186,92,0
2017,Burkina Faso,298,32,23,104,139,0
2017,Chile,289,65,18,201,5,0
2017,Belize,280,135,D,140,D,0
2017,Tanzania,272,63,21,146,42,0
2017,Zimbabwe,262,47,14,140,61,0
2017,Mongolia,246,26,15,96,108,1
2017,Hungary,238,35,22,108,73,0
2017,Bahamas,234,70,26,133,3,2
2017,Grenada,234,91,6,134,3,0
2017,New Zealand,233,26,33,81,93,0
2017,Mali,231,38,D,159,D,0
2017,Lithuania,221,38,4,98,81,0
2017,Sweden,220,25,10,132,51,2
2017,Ireland,203,34,18,131,20,0
2017,Singapore,201,66,32,92,11,0
2017,Antigua and Barbuda,198,105,D,87,D,0
2017,Montenegro,197,80,4,98,15,0
2017,Netherlands,184,26,8,131,19,0
2017,Portugal,176,63,11,90,12,0
2017,Saint Vincent and the Grenadines,174,66,4,104,0,0
2017,Barbados,166,76,5,82,3,0
2017,Burundi,155,13,0,63,79,0
2017,Latvia,150,16,4,111,19,0
2017,Turkmenistan,144,20,0,32,92,0
2017,Saint Kitts and Nevis,141,D,D,71,0,0
2017,Uruguay,134,35,4,85,10,0
2017,Belgium,133,11,12,69,40,1
2017,Zambia,126,23,5,80,18,0
2017,Qatar,123,24,20,45,34,0
2017,Switzerland,118,14,9,63,30,2
2017,South Sudan,117,17,0,93,7,0
2017,Czechia,116,10,10,66,29,1
2017,Niger,116,10,11,86,9,0
2017,Mauritania,111,19,0,79,13,0
2017,Paraguay,111,30,0,78,3,0
2017,Tonga,111,59,0,37,15,0
2017,Congo (Republic),98,10,0,30,58,0
2017,Croatia,98,28,7,46,17,0
2017,Finland,80,6,14,44,16,0
2017,Austria,79,12,6,34,26,1
2017,Denmark,78,5,8,43,22,0
2017,Macau,73,53,9,D,D,0
2017,Angola,71,20,D,31,D,0
2017,Djibouti,70,D,D,17,36,0
2017,Slovakia,70,9,6,36,19,0
2017,Suriname,70,42,D,D,0,0
2017,Norway,57,D,D,43,9,1
2017,Bahrain,49,25,4,15,5,0
2017,Gabon,48,16,0,21,11,0
2017,Oman,48,11,8,17,11,1
2017,Central African Republic,41,D,D,26,7,0
2017,Estonia,38,D,D,23,8,0
2017,Bhutan,37,3,3,21,10,0
2017,Samoa,36,3,0,33,0,0
2017,Chad,33,0,0,15,18,0
2017,All other countries,33,7,0,23,3,0
2017,Madagascar,31,3,9,8,11,0
2017,Mauritius,31,14,D,11,D,0
2017,Malawi,27,5,D,16,D,0
2017,Bermuda,26,7,0,19,0,0
2017,Slovenia,26,D,D,15,7,0
2017,Namibia,24,D,0,15,7,0
2017,Cyprus,23,5,3,10,5,0
2017,Guinea-Bissau,23,D,0,15,D,0
2017,Cayman Islands,20,9,D,7,D,0
2017,Botswana,19,5,D,11,D,0
2017,Mozambique,19,4,0,12,3,0
2017,Curacao,17,10,0,D,D,0
2017,Iceland,17,D,D,7,6,0
2017,Soviet Union (former),17,0,0,D,D,0
2017,United States,16,D,D,12,D,0
2017,Aruba,15,7,0,8,0,0
2017,Anguilla,14,9,0,5,0,0
2017,Malta,12,D,0,D,0,0
2017,Turks and Caicos Islands,11,D,D,6,0,0
2017,Virgin Islands (British),11,6,0,5,0,0
2017,Marshall Islands,10,0,0,10,0,0
2017,Lesotho,7,0,0,D,D,0
2017,Swaziland,6,D,D,D,D,0
2017,North Korea,5,D,D,D,0,1
2017,Luxembourg,5,D,0,D,D,0
2017,Serbia and Montenegro (former),5,D,0,D,0,1
2017,French Polynesia,4,D,0,D,0,0
2017,Papua New Guinea,4,0,D,D,D,0
2017,Czechoslovakia (former),0,0,0,0,0,0
2017,Brunei,D,D,0,D,0,0
2017,Equatorial Guinea,D,0,0,D,0,0
2017,Monaco,D,0,D,0,0,0
2017,Montserrat,D,0,0,D,0,0
2017,Sint Maarten,D,0,0,D,0,0
2016,Total,618078,222971,24253,309404,48817,12633
2016,Mexico,91677,26090,298,65248,10,31
2016,Dominican Republic,52139,28240,83,23809,3,4
2016,China (People's Republic),43013,16829,8434,17722,20,8
2016,Philippines,35189,14540,4490,16150,9,0
2016,Vietnam,33427,21731,621,11069,0,6
2016,India,33170,17708,718,14707,24,13
2016,Haiti,18489,8674,82,9732,0,1
2016,Bangladesh,17076,9852,D,7154,D,0
2016,Jamaica,15284,5643,D,9160,D,1
2016,Pakistan,14716,7024,317,7362,7,6
2016,El Salvador,13931,5984,107,7831,0,9
2016,Yemen,12625,4042,17,8146,420,0
2016,Afghanistan,11511,396,26,793,127,10169
2016,Cuba,9072,4354,3,4177,538,0
2016,Ethiopia,8553,1978,69,4412,2092,2
2016,Nigeria,8345,2276,234,5815,19,1
2016,Iran,7712,2449,298,2138,2824,3
2016,Colombia,7661,2880,91,4674,14,2
2016,Egypt,7290,901,156,2762,3470,1
2016,Honduras,7231,2024,82,5088,27,10
2016,Ecuador,6783,2887,92,3800,0,4
2016,Nepal,6421,943,126,2144,3206,2
2016,Guatemala,6377,2169,53,4141,13,1
2016,Peru,5738,2497,36,3196,7,2
2016,South Korea,5553,803,2969,1775,6,0
2016,Ukraine,5238,954,47,2345,1892,0
2016,Albania,4970,871,14,2360,1725,0
2016,Guyana,4666,3175,9,1479,3,0
2016,Ghana,4470,1131,25,2839,475,0
2016,Russia,4139,484,135,1767,1748,5
2016,Congo (Democratic Republic),3719,D,D,685,2829,0
2016,Jordan,3590,1327,62,2107,88,6
2016,Uzbekistan,3467,569,17,392,2487,2
2016,Morocco,3400,408,27,1943,1022,0
2016,Iraq,3379,271,17,889,103,2099
2016,Cameroon,3346,475,13,1203,1655,0
2016,Brazil,3265,441,174,2639,10,1
2016,United Kingdom,2984,507,400,2004,62,11
2016,Kenya,2894,367,106,1407,1014,0
2016,Venezuela,2658,654,156,1169,677,2
2016,Canada,2615,481,268,1631,58,177
2016,Liberia,2610,307,19,884,1400,0
2016,Armenia,2608,290,14,1025,1279,0
2016,Cambodia,2550,498,44,1721,287,0
2016,Syria,2488,1150,51,1182,103,2
2016,Nicaragua,2194,731,3,1451,9,0
2016,Poland,2029,799,58,832,339,1
2016,Sudan,1983,111,9,608,1255,0
2016,Algeria,1874,167,10,448,1248,1
2016,Lebanon,1850,772,64,967,47,0
2016,Turkey,1849,196,110,596,944,3
2016,Moldova,1791,D,D,219,1432,0
2016,Taiwan,1741,763,292,563,123,0
2016,Cabo Verde,1721,1080,D,637,D,0
2016,Japan,1719,112,124,1343,138,2
2016,Germany,1669,138,91,1057,380,3
2016,Somalia,1628,175,D,1371,D,0
2016,Togo,1605,196,0,701,708,0
2016,Hong Kong,1526,914,263,305,43,1
2016,Thailand,1515,267,21,1200,27,0
2016,Bulgaria,1511,148,16,626,719,2
2016,Trinidad and Tobago,1378,538,20,799,21,0
2016,Unknown,1358,364,16,919,59,0
2016,Burma,1267,560,16,568,123,0
2016,Belarus,1224,103,27,310,784,0
2016,Romania,1221,249,8,577,387,0
2016,Saudi Arabia,1079,306,66,441,266,0
2016,Sierra Leone,1069,121,4,622,322,0
2016,Italy,1061,133,69,613,245,1
2016,Georgia,1032,137,7,446,440,2
2016,France,1001,162,82,520,234,3
2016,Australia,944,59,58,505,319,3
2016,Guinea,897,119,7,526,245,0
2016,Sri Lanka,885,238,19,355,273,0
2016,Cote d'Ivoire,859,119,5,346,389,0
2016,South Africa,838,90,87,449,212,0
2016,Senegal,817,130,22,551,114,0
2016,Macedonia,785,199,3,316,266,1
2016,Eritrea,749,173,24,417,134,1
2016,Bolivia,744,254,29,442,19,0
2016,Israel,736,119,71,459,86,1
2016,Costa Rica,700,123,18,555,3,1
2016,Argentina,694,160,65,447,22,0
2016,United Arab Emirates,685,229,75,233,136,12
2016,Fiji,678,293,D,D,180,0
2016,Kosovo,671,120,9,362,180,0
2016,Uganda,653,80,48,380,145,0
2016,Indonesia,651,167,32,422,30,0
2016,Kazakhstan,610,54,24,179,353,0
2016,Gambia,562,99,4,440,19,0
2016,Serbia,562,101,3,222,236,0
2016,Spain,558,98,30,314,116,0
2016,Kuwait,527,186,32,252,55,2
2016,Greece,514,52,16,333,113,0
2016,Azerbaijan,459,50,5,179,225,0
2016,Malaysia,450,167,34,218,29,2
2016,Kyrgyzstan,422,39,9,154,220,0
2016,Bosnia and Herzegovina,391,125,10,194,61,1
2016,Benin,385,21,7,110,247,0
2016,Tajikistan,374,26,18,48,280,2
2016,Panama,366,133,7,222,4,0
2016,Rwanda,328,20,8,42,258,0
2016,Libya,327,32,3,244,48,0
2016,Belize,318,150,11,157,0,0
2016,Chile,316,66,10,237,3,0
2016,Saint Lucia,312,94,6,212,0,0
2016,Lithuania,300,46,7,108,139,0
2016,Tunisia,297,16,15,205,61,0
2016,Dominica,296,155,D,136,D,0
2016,Ireland,295,30,13,203,47,2
2016,New Zealand,293,34,27,154,77,1
2016,Zimbabwe,284,63,13,146,62,0
2016,Laos,278,100,0,178,0,0
2016,Netherlands,278,37,23,182,36,0
2016,Hungary,276,21,25,140,90,0
2016,Burkina Faso,274,37,3,91,143,0
2016,Mongolia,266,26,6,101,133,0
2016,Sweden,244,24,27,147,46,0
2016,Montenegro,243,93,0,143,7,0
2016,Tanzania,241,49,4,163,24,1
2016,Grenada,221,73,D,142,D,0
2016,Mali,203,25,4,148,26,0
2016,Portugal,203,55,25,107,16,0
2016,Singapore,198,34,47,103,14,0
2016,Bahamas,197,42,20,130,5,0
2016,Saint Vincent and the Grenadines,195,67,D,120,D,0
2016,Antigua and Barbuda,193,88,4,101,0,0
2016,Latvia,193,D,D,131,31,0
2016,Qatar,178,50,12,74,42,0
2016,Saint Kitts and Nevis,153,D,D,80,0,0
2016,Barbados,151,74,4,73,0,0
2016,Switzerland,151,17,6,86,42,0
2016,Czechia,145,8,9,91,37,0
2016,Belgium,140,14,16,80,30,0
2016,Zambia,135,16,17,89,13,0
2016,Turkmenistan,133,9,9,44,71,0
2016,Croatia,127,16,4,79,28,0
2016,Slovakia,126,19,12,68,27,0
2016,Uruguay,126,26,6,90,4,0
2016,Finland,119,7,3,75,34,0
2016,Paraguay,118,D,D,88,0,0
2016,Niger,117,8,12,84,13,0
2016,Austria,115,12,10,67,25,1
2016,Denmark,101,14,16,59,11,1
2016,Burundi,99,9,0,32,58,0
2016,Tonga,99,38,6,51,4,0
2016,Norway,94,20,5,64,5,0
2016,Mauritania,93,16,D,70,D,0
2016,Congo (Republic),90,6,0,38,46,0
2016,South Sudan,85,3,0,76,6,0
2016,Djibouti,75,7,3,41,24,0
2016,Angola,73,D,D,21,30,0
2016,Macau,69,30,22,12,5,0
2016,Suriname,64,40,0,D,D,0
2016,All other countries,58,19,0,28,11,0
2016,Estonia,55,D,D,24,18,0
2016,Bahrain,54,28,8,13,5,0
2016,Cyprus,54,6,4,32,12,0
2016,Oman,50,24,3,11,12,0
2016,Gabon,48,D,D,33,12,0
2016,Samoa,48,3,0,45,0,0
2016,Madagascar,47,7,7,13,20,0
2016,Bermuda,40,8,D,29,D,0
2016,Malawi,37,11,0,19,7,0
2016,Chad,35,D,D,14,14,0
2016,Mauritius,31,11,0,12,8,0
2016,Botswana,27,7,D,15,D,0
2016,Bhutan,25,D,D,18,D,0
2016,Cayman Islands,23,8,0,15,0,0
2016,Slovenia,23,D,D,11,5,1
2016,Central African Republic,22,D,0,15,D,0
2016,Iceland,22,D,D,20,0,0
2016,United States,20,D,D,16,D,0
2016,Mozambique,18,3,0,15,0,0
2016,Turks and Caicos Islands,18,5,D,9,D,0
2016,Virgin Islands (British),17,8,0,9,0,0
2016,Namibia,16,0,D,11,D,0
2016,Guinea-Bissau,14,D,D,9,0,0
2016,Malta,13,0,3,10,0,0
2016,Brunei,12,4,3,5,0,0
2016,Marshall Islands,12,0,0,12,0,0
2016,Anguilla,11,4,0,7,0,0
2016,Soviet Union (former),11,0,0,11,0,0
2016,Curacao,9,3,0,6,0,0
2016,Luxembourg,9,3,D,3,D,0
2016,Lesotho,8,D,0,D,0,0
2016,Papua New Guinea,8,D,0,4,D,0
2016,North Korea,7,D,D,D,0,0
2016,Serbia and Montenegro (former),7,D,0,D,0,0
2016,French Polynesia,5,0,0,D,D,0
2016,Equatorial Guinea,4,D,0,D,0,0
2016,Aruba,3,D,0,D,0,0
2016,Czechoslovakia (former),3,0,0,3,0,0
2016,Netherlands Antilles (former),3,D,0,D,0,0
2016,Swaziland,3,0,0,3,0,0
2016,Palau,D,D,0,0,0,0
2016,Sint Maarten,D,0,0,D,0,0
2015,Total,508716,197127,22069,234874,46666,7980
2015,Mexico,81128,31310,298,49457,20,43
2015,Dominican Republic,42966,26218,51,16692,0,5
2015,China (People's Republic),36479,13415,9130,13888,31,15
2015,Philippines,34403,15121,3612,15654,5,11
2015,India,26537,13634,601,12169,54,79
2015,Vietnam,24423,15797,340,8266,3,17
2015,Pakistan,13211,6510,350,6312,21,18
2015,Haiti,12384,6854,18,5504,6,2
2015,Bangladesh,12038,6876,D,5109,D,4
2015,El Salvador,11605,6183,73,5342,3,4
2015,Jamaica,10155,5126,206,4817,3,3
2015,Afghanistan,6991,198,D,536,D,6211
2015,Colombia,6756,2859,74,3808,9,6
2015,Ethiopia,6753,1602,15,2635,2500,1
2015,Iran,6413,1972,318,1914,2197,12
2015,Nigeria,6171,1570,110,3960,530,1
2015,Ecuador,6126,2859,D,3164,D,3
2015,Cuba,6052,2181,D,3442,D,1
2015,Egypt,5914,866,101,2154,2781,12
2015,Guatemala,5668,2317,36,3284,25,6
2015,Nepal,5475,595,95,1413,3369,3
2015,Canada,5056,1475,475,2656,229,221
2015,Peru,4905,2275,61,2563,0,6
2015,Guyana,4346,3258,8,1074,6,0
2015,Honduras,4314,1615,57,2613,27,2
2015,Unknown,4265,700,492,2838,220,15
2015,United Kingdom,4028,756,677,2343,216,36
2015,Ukraine,3827,758,50,1810,1193,16
2015,Albania,3759,539,23,1546,1646,5
2015,Russia,3701,419,171,1344,1762,5
2015,South Korea,3664,624,1231,1785,17,7
2015,Ghana,3512,874,45,2107,485,1
2015,Jordan,3094,1203,57,1705,107,22
2015,Kenya,3050,457,62,1499,1031,1
2015,Congo (Democratic Republic),2960,D,D,316,2482,1
2015,Uzbekistan,2864,346,6,248,2248,16
2015,Liberia,2718,261,10,640,1806,1
2015,Cameroon,2698,D,D,903,1397,2
2015,Morocco,2516,268,14,1343,890,1
2015,Brazil,2493,383,108,1989,11,2
2015,Venezuela,2250,605,138,863,641,3
2015,Armenia,2156,243,18,587,1306,2
2015,Germany,2089,217,94,1328,421,29
2015,Nicaragua,2009,753,5,1247,3,1
2015,Turkey,1905,182,110,586,1009,18
2015,Japan,1821,110,178,1371,151,11
2015,Poland,1728,749,28,597,346,8
2015,Lebanon,1681,698,99,836,38,10
2015,United Arab Emirates,1623,425,217,593,352,36
2015,Hong Kong,1523,977,77,413,45,11
2015,Moldova,1508,D,D,170,1271,0
2015,Taiwan,1467,623,204,500,126,14
2015,Bulgaria,1454,110,7,543,791,3
2015,Algeria,1430,95,0,345,984,6
2015,Iraq,1412,116,6,390,19,881
2015,Saudi Arabia,1375,260,131,542,439,3
2015,Thailand,1342,259,45,1015,22,1
2015,Djibouti,1299,259,D,1028,D,0
2015,Yemen,1275,281,8,881,105,0
2015,Trinidad and Tobago,1265,547,31,638,46,3
2015,Australia,1253,190,84,570,402,7
2015,Sudan,1205,84,7,356,755,3
2015,Syria,1205,634,22,495,52,2
2015,Cambodia,1194,305,22,671,195,1
2015,Italy,1194,159,54,660,314,7
2015,Belarus,1188,82,7,331,765,3
2015,France,1144,183,56,594,304,7
2015,Togo,1144,D,D,476,516,1
2015,Romania,1113,209,21,444,438,1
2015,Sierra Leone,1092,106,29,556,401,0
2015,Burma,985,420,0,454,111,0
2015,South Africa,957,81,88,457,326,5
2015,Cabo Verde,890,564,3,316,7,0
2015,Georgia,870,102,7,370,391,0
2015,Spain,863,200,37,456,169,1
2015,Israel,862,175,25,463,191,8
2015,Uganda,842,105,72,480,185,0
2015,Sri Lanka,690,187,16,274,213,0
2015,Costa Rica,687,139,17,523,8,0
2015,Cote d'Ivoire,663,D,D,213,347,0
2015,Fiji,659,294,0,204,161,0
2015,Bolivia,643,219,61,353,10,0
2015,Guinea,637,93,0,258,286,0
2015,Senegal,616,121,18,381,96,0
2015,Argentina,599,138,43,371,44,3
2015,Macedonia,595,121,20,254,200,0
2015,Greece,562,83,15,279,184,1
2015,Kosovo,512,D,D,291,111,0
2015,Serbia,511,D,D,205,216,0
2015,Malaysia,497,169,34,238,47,9
2015,Indonesia,478,86,21,335,35,1
2015,Panama,448,169,19,254,6,0
2015,New Zealand,420,58,60,188,112,2
2015,Kuwait,418,101,65,197,54,1
2015,Gambia,408,89,13,299,7,0
2015,Singapore,407,97,91,185,30,4
2015,Kazakhstan,402,22,10,103,266,1
2015,Qatar,397,87,39,143,128,0
2015,Kyrgyzstan,372,26,4,131,209,2
2015,Chile,360,100,13,228,19,0
2015,Netherlands,343,48,12,216,65,2
2015,Saint Lucia,342,175,6,157,4,0
2015,Sweden,322,52,12,189,61,8
2015,Ireland,321,52,31,184,54,0
2015,Bosnia and Herzegovina,314,54,8,209,43,0
2015,Belize,302,137,12,153,0,0
2015,Tajikistan,300,15,26,27,232,0
2015,Benin,285,20,3,69,193,0
2015,Tunisia,272,17,13,200,37,5
2015,Latvia,258,17,0,195,43,3
2015,Azerbaijan,251,32,3,49,165,2
2015,Hungary,251,20,5,122,102,2
2015,Rwanda,248,9,12,29,198,0
2015,Burkina Faso,241,30,4,93,114,0
2015,Bahamas,239,54,19,159,7,0
2015,Eritrea,239,32,7,141,59,0
2015,Grenada,223,106,D,113,D,0
2015,Tanzania,222,39,3,139,41,0
2015,Switzerland,219,21,14,128,50,6
2015,Lithuania,218,D,D,83,102,0
2015,Dominica,212,112,0,100,0,0
2015,Portugal,205,77,12,98,18,0
2015,Laos,196,74,9,113,0,0
2015,Mongolia,194,27,11,91,65,0
2015,Belgium,193,14,11,118,48,2
2015,Libya,187,8,0,159,20,0
2015,Barbados,183,100,9,65,8,1
2015,Antigua and Barbuda,172,107,0,61,4,0
2015,Zimbabwe,165,54,8,82,21,0
2015,Czechia,154,12,24,68,48,2
2015,Zambia,150,24,8,91,26,1
2015,Saint Kitts and Nevis,147,71,D,70,D,0
2015,Mali,145,21,D,111,D,0
2015,Saint Vincent and the Grenadines,143,61,D,75,D,0
2015,Tonga,140,84,D,43,D,0
2015,Austria,133,20,8,67,36,2
2015,Montenegro,133,31,0,96,6,0
2015,Denmark,122,16,6,73,24,3
2015,Somalia,113,10,0,91,12,0
2015,Uruguay,112,17,7,82,6,0
2015,Congo (Republic),110,17,0,21,69,3
2015,Oman,110,16,18,40,31,5
2015,Paraguay,102,16,15,70,0,1
2015,Finland,96,5,6,66,17,2
2015,Macau,96,61,3,23,9,0
2015,Norway,89,14,D,66,D,1
2015,Bahrain,88,24,7,49,8,0
2015,Slovakia,87,9,7,37,34,0
2015,Turkmenistan,79,D,D,10,62,1
2015,Croatia,78,D,D,51,20,0
2015,Burundi,75,7,0,31,37,0
2015,Bermuda,62,21,12,29,0,0
2015,Cyprus,59,D,D,33,16,0
2015,All other countries,59,15,4,29,11,0
2015,Niger,58,D,D,43,8,0
2015,Mauritania,56,D,0,50,D,0
2015,North Korea,51,D,11,34,D,0
2015,Suriname,49,D,D,25,0,0
2015,Virgin Islands (British),49,D,D,26,0,0
2015,Cayman Islands,48,14,5,21,8,0
2015,Estonia,46,7,0,20,19,0
2015,Gabon,43,D,D,18,16,0
2015,Angola,41,D,D,23,14,0
2015,Iceland,38,3,0,17,18,0
2015,Madagascar,33,8,3,6,16,0
2015,South Sudan,33,D,0,21,D,0
2015,Botswana,30,D,0,16,D,0
2015,Sint Maarten,30,16,0,14,0,0
2015,Samoa,28,0,0,28,0,0
2015,Malawi,27,D,D,18,4,0
2015,Marshall Islands,23,0,D,D,0,0
2015,Chad,22,D,6,10,D,0
2015,Slovenia,17,0,D,12,D,0
2015,Mauritius,16,D,0,10,D,0
2015,Mozambique,16,5,0,4,7,0
2015,Turks and Caicos Islands,15,D,D,10,0,0
2015,Aruba,14,D,D,9,0,0
2015,Namibia,13,D,0,8,D,0
2015,Central African Republic,11,0,D,8,D,0
2015,Equatorial Guinea,11,D,0,D,5,0
2015,Luxembourg,10,D,0,6,D,0
2015,Guinea-Bissau,9,D,0,D,0,0
2015,Malta,9,D,0,D,D,0
2015,Swaziland,9,D,0,D,D,0
2015,Anguilla,8,D,0,D,0,0
2015,Curacao,8,0,3,5,0,0
2015,Palau,7,3,0,4,0,0
2015,Brunei,6,D,D,D,0,0
2015,Soviet Union (former),6,0,0,D,D,0
2015,Lesotho,5,0,0,D,D,0
2015,Serbia and Montenegro (former),5,0,0,4,0,1
2015,Czechoslovakia (former),0,0,0,0,0,0
2015,Bhutan,D,0,0,D,D,0
2015,Netherlands Antilles (former),D,0,0,D,0,0
2014,Total,481392,205902,21951,188328,52159,13052
2014,Mexico,61972,24728,419,36747,16,62
2014,Dominican Republic,36828,24708,41,12068,5,6
2014,China (People's Republic),35419,14734,9512,11129,24,20
2014,Philippines,30395,15865,D,11828,D,12
2014,India,25914,14736,690,10319,76,93
2014,Vietnam,24947,18221,D,6601,D,20
2014,Pakistan,14139,7865,385,5838,31,20
2014,Bangladesh,13141,8514,75,4541,7,4
2014,El Salvador,11555,7055,142,4351,0,7
2014,Jamaica,10991,5882,163,4943,0,3
2014,Haiti,10748,6743,D,3993,D,0
2014,Afghanistan,9420,277,37,620,77,8409
2014,Nigeria,7924,1694,167,3391,2667,5
2014,Ethiopia,7555,1294,52,3681,2526,2
2014,Ecuador,6922,4155,D,2578,D,12
2014,Colombia,6881,3505,94,3261,6,15
2014,Iran,6392,1874,280,1543,2665,30
2014,Cuba,6087,3658,3,2146,278,2
2014,Egypt,5992,945,174,1530,3334,9
2014,Nepal,4889,641,78,904,3258,8
2014,Guyana,4850,3841,5,991,11,2
2014,Guatemala,4716,2412,47,2207,37,13
2014,Peru,4710,2555,64,2086,0,5
2014,Ghana,4461,878,48,2016,1519,0
2014,Jordan,4269,1824,56,2162,143,84
2014,Ukraine,4077,774,36,1503,1742,22
2014,Kenya,4057,506,61,2216,1272,2
2014,Uzbekistan,4007,326,17,234,3394,36
2014,United Kingdom,4000,882,491,2235,345,47
2014,Canada,3925,1358,556,1643,191,177
2014,Honduras,3923,1567,63,2254,28,11
2014,South Korea,3917,799,1586,1506,17,9
2014,Iraq,3789,119,D,273,D,3353
2014,Russia,3695,486,188,1151,1851,19
2014,Yemen,3052,641,59,2113,239,0
2014,Albania,2989,399,26,1222,1337,5
2014,Liberia,2800,367,5,764,1664,0
2014,Congo (Democratic Republic),2516,130,3,241,2133,9
2014,Morocco,2430,425,35,1092,877,1
2014,Germany,2386,272,98,1433,558,25
2014,Cameroon,2166,299,9,567,1289,2
2014,Lebanon,2075,1072,85,872,39,7
2014,Armenia,2053,255,33,551,1213,1
2014,Unknown,1964,377,476,892,175,44
2014,Venezuela,1893,503,130,656,602,2
2014,Cambodia,1840,407,25,1028,380,0
2014,Brazil,1715,410,102,1183,9,11
2014,Bulgaria,1641,152,22,485,975,7
2014,Japan,1630,115,207,1069,216,23
2014,Poland,1610,699,48,405,446,12
2014,Hong Kong,1566,1127,93,299,42,5
2014,Nicaragua,1565,692,0,861,10,2
2014,Turkey,1468,144,85,405,812,22
2014,Taiwan,1454,785,184,346,125,14
2014,United Arab Emirates,1433,414,123,417,373,106
2014,Syria,1398,772,30,552,37,7
2014,Algeria,1359,D,D,249,971,0
2014,Trinidad and Tobago,1290,673,18,525,68,6
2014,Togo,1221,173,3,485,559,1
2014,Australia,1211,243,107,427,421,13
2014,Moldova,1193,D,D,118,986,1
2014,Sierra Leone,1190,128,32,374,656,0
2014,Italy,1161,193,50,601,310,7
2014,Saudi Arabia,1113,249,76,414,369,5
2014,Belarus,1097,D,D,220,779,3
2014,Thailand,1053,260,41,736,13,3
2014,Romania,967,196,19,353,398,1
2014,Burma,955,379,0,348,225,3
2014,Israel,953,268,44,442,185,14
2014,Sudan,914,127,4,384,398,1
2014,France,892,175,61,368,278,10
2014,Uganda,825,105,39,494,187,0
2014,Spain,808,209,38,360,194,7
2014,Cabo Verde,799,522,D,272,D,0
2014,South Africa,797,114,75,283,322,3
2014,Georgia,660,74,9,235,339,3
2014,Sri Lanka,660,209,16,194,240,1
2014,Cote d'Ivoire,621,D,D,173,338,0
2014,Fiji,605,247,5,148,204,1
2014,Bolivia,602,252,67,257,23,3
2014,Senegal,596,146,20,332,98,0
2014,Greece,576,60,29,310,172,5
2014,Guinea,539,90,0,221,228,0
2014,Macedonia,532,159,15,191,166,1
2014,Costa Rica,489,135,11,317,24,2
2014,Argentina,481,110,30,288,48,5
2014,Serbia,472,79,18,161,214,0
2014,Kosovo,450,117,D,236,D,1
2014,Panama,425,211,6,186,22,0
2014,Malaysia,422,168,27,136,86,5
2014,Indonesia,417,121,13,234,48,1
2014,New Zealand,391,105,45,145,91,5
2014,Kuwait,374,105,42,131,96,0
2014,Qatar,365,103,21,103,138,0
2014,Gambia,344,101,3,221,19,0
2014,Saint Lucia,329,206,0,112,10,1
2014,Benin,328,39,0,61,226,2
2014,Dominica,326,216,D,104,D,0
2014,Kazakhstan,325,47,3,70,203,2
2014,Singapore,307,74,52,133,43,5
2014,Sweden,288,62,26,123,61,16
2014,Kyrgyzstan,284,D,D,66,179,2
2014,Chile,282,96,13,164,8,1
2014,Netherlands,282,48,19,130,74,11
2014,Burkina Faso,277,16,0,51,209,1
2014,Eritrea,276,37,0,172,67,0
2014,Belize,261,141,D,107,D,0
2014,Ireland,252,30,30,120,68,4
2014,Hungary,230,21,14,96,98,1
2014,Tajikistan,229,10,23,22,173,1
2014,Lithuania,224,42,11,68,99,4
2014,Antigua and Barbuda,220,126,0,88,6,0
2014,Tunisia,220,23,9,139,49,0
2014,Portugal,206,82,30,67,25,2
2014,Bosnia and Herzegovina,205,32,3,144,26,0
2014,Grenada,201,108,D,87,D,0
2014,Somalia,200,27,0,157,16,0
2014,Azerbaijan,198,32,7,36,123,0
2014,Rwanda,193,17,0,37,139,0
2014,Switzerland,182,17,11,78,65,11
2014,Bahamas,178,40,23,110,5,0
2014,North Korea,178,30,62,86,0,0
2014,Tanzania,173,42,7,88,36,0
2014,Mongolia,172,25,20,60,67,0
2014,Barbados,163,98,5,58,0,2
2014,Latvia,160,24,0,96,37,3
2014,Belgium,159,34,8,80,29,8
2014,Saint Vincent and the Grenadines,156,89,D,62,D,0
2014,Zimbabwe,156,41,15,70,30,0
2014,Saint Kitts and Nevis,154,108,0,46,0,0
2014,Congo (Republic),148,8,0,22,116,2
2014,Libya,148,3,0,98,46,1
2014,Laos,145,42,D,100,D,0
2014,Mali,136,35,0,75,26,0
2014,Czechia,128,20,29,43,33,3
2014,Montenegro,128,53,4,62,9,0
2014,Austria,126,39,10,42,34,1
2014,Zambia,126,23,3,73,27,0
2014,Turkmenistan,125,D,D,19,94,0
2014,Denmark,123,28,11,43,36,5
2014,Finland,116,9,8,58,40,1
2014,Tonga,109,70,0,33,6,0
2014,Macau,107,70,6,27,4,0
2014,Oman,97,39,4,27,10,17
2014,Uruguay,91,12,7,61,11,0
2014,Niger,87,11,0,46,30,0
2014,Suriname,83,51,D,D,0,0
2014,Paraguay,80,D,0,59,D,0
2014,Bahrain,77,16,0,46,15,0
2014,Norway,75,11,3,41,18,2
2014,Djibouti,72,9,0,42,21,0
2014,All other countries,67,24,D,29,D,0
2014,Mauritania,62,10,6,42,4,0
2014,Slovakia,62,12,4,26,20,0
2014,Croatia,59,D,D,24,23,1
2014,Virgin Islands (British),55,39,0,D,D,1
2014,Bermuda,54,17,15,22,0,0
2014,Cyprus,51,8,0,24,19,0
2014,Burundi,50,3,5,13,29,0
2014,Angola,46,18,5,10,13,0
2014,Estonia,45,3,0,24,18,0
2014,Sint Maarten,44,28,0,D,D,0
2014,Cayman Islands,38,17,6,15,0,0
2014,Malawi,34,7,4,13,10,0
2014,Samoa,34,9,0,25,0,0
2014,Botswana,33,D,D,13,15,0
2014,Madagascar,29,0,9,7,13,0
2014,Marshall Islands,29,0,0,29,0,0
2014,Gabon,27,D,0,D,13,0
2014,Swaziland,26,4,0,6,15,1
2014,Curacao,21,6,5,6,4,0
2014,Turks and Caicos Islands,21,14,0,7,0,0
2014,Chad,19,6,D,D,9,0
2014,Iceland,19,D,0,10,D,0
2014,South Sudan,17,D,0,12,D,0
2014,Mauritius,16,9,0,4,3,0
2014,Maldives,14,D,0,D,11,0
2014,Anguilla,13,7,0,6,0,0
2014,Namibia,13,D,D,7,3,0
2014,Aruba,12,4,0,8,0,0
2014,Bhutan,12,D,0,D,7,0
2014,Luxembourg,12,D,D,4,3,0
2014,Montserrat,12,D,0,D,0,0
2014,Guinea-Bissau,10,D,0,D,0,0
2014,Serbia and Montenegro (former),10,0,0,6,0,4
2014,Slovenia,9,D,0,5,D,0
2014,Central African Republic,8,D,D,3,D,0
2014,Soviet Union (former),8,D,D,D,0,0
2014,Brunei,6,D,D,3,0,0
2014,French Polynesia,6,D,0,D,0,1
2014,Equatorial Guinea,5,D,0,D,D,0
2014,Malta,5,D,0,D,0,0
2014,Mozambique,3,0,0,3,0,0
2014,Czechoslovakia (former),0,0,0,0,0,0
2014,Netherlands Antilles (former),D,0,0,D,0,0
2014,Palau,D,D,0,D,0,0
2013,Total,459751,183888,21101,207355,44113,3294
2013,Mexico,66281,27587,560,38061,14,59
2013,Dominican Republic,33858,21957,46,11812,28,15
2013,Philippines,33635,14692,3834,15092,5,12
2013,China (People's Republic),32113,12129,7730,12199,27,28
2013,India,22706,10791,517,11261,65,72
2013,Vietnam,21877,13505,51,8295,4,22
2013,Haiti,14997,9566,D,5417,D,3
2013,El Salvador,10910,6580,123,4191,0,16
2013,Jamaica,10834,5279,D,5452,D,1
2013,Bangladesh,10442,6121,93,4135,91,2
2013,Nigeria,8907,1868,100,4239,2698,2
2013,Ethiopia,8227,1365,99,4463,2295,5
2013,Pakistan,7990,3622,189,4136,16,27
2013,Colombia,7817,3328,114,4357,9,9
2013,Iran,7041,1870,283,1797,3063,28
2013,Ghana,6987,1256,58,3721,1951,1
2013,Egypt,5914,805,134,1942,3009,24
2013,Ecuador,5843,2943,D,2718,D,17
2013,Cuba,5394,2460,3,2744,186,1
2013,Canada,5107,1720,560,2244,337,246
2013,Honduras,4999,2231,109,2628,22,9
2013,Peru,4838,2361,116,2351,3,7
2013,Guatemala,4725,2592,66,2063,0,4
2013,Nepal,4604,430,94,1017,3059,4
2013,South Korea,4330,841,1877,1561,40,11
2013,United Kingdom,4186,818,478,2430,420,40
2013,Guyana,4174,2970,6,1191,6,1
2013,Ukraine,3924,540,44,1562,1769,9
2013,Russia,3680,445,125,1663,1441,6
2013,Jordan,3453,1316,62,1941,98,36
2013,Uzbekistan,3296,186,5,215,2869,21
2013,Yemen,3062,601,22,2332,103,4
2013,Kenya,2828,392,63,1532,836,5
2013,Germany,2747,214,107,1847,559,20
2013,Albania,2235,286,12,1109,828,0
2013,Morocco,2105,284,4,1230,587,0
2013,Iraq,2037,131,3,306,19,1578
2013,Liberia,1978,337,6,715,919,1
2013,Japan,1908,118,262,1263,248,17
2013,Venezuela,1881,472,146,794,461,8
2013,Poland,1863,797,58,471,521,16
2013,Cameroon,1825,224,6,528,1065,2
2013,Armenia,1783,206,13,793,767,4
2013,Syria,1764,866,66,800,31,1
2013,Cambodia,1755,351,21,1048,335,0
2013,Nicaragua,1739,735,D,984,D,2
2013,Brazil,1728,313,D,1276,D,17
2013,Lebanon,1666,766,86,768,39,7
2013,Taiwan,1635,743,210,534,138,10
2013,Hong Kong,1566,1060,68,393,41,4
2013,Trinidad and Tobago,1518,827,14,645,28,4
2013,Bulgaria,1395,95,16,518,760,6
2013,Unknown,1366,314,310,588,133,21
2013,Turkey,1356,141,87,472,639,17
2013,Congo (Democratic Republic),1342,D,D,269,1023,1
2013,Thailand,1326,289,37,972,26,2
2013,Cabo Verde,1274,858,8,405,3,0
2013,United Arab Emirates,1260,379,105,432,288,56
2013,Australia,1155,171,81,515,373,15
2013,Afghanistan,1133,179,29,306,53,566
2013,Romania,1109,249,25,489,341,5
2013,Burma,1045,394,19,468,163,1
2013,Belarus,1031,79,5,254,693,0
2013,Moldova,1021,D,D,135,829,0
2013,Israel,1020,248,37,512,200,23
2013,France,971,190,68,488,211,14
2013,Sierra Leone,951,140,6,460,345,0
2013,Algeria,933,63,11,256,600,3
2013,Italy,921,154,25,535,200,7
2013,Saudi Arabia,811,193,65,358,192,3
2013,Spain,805,172,45,443,141,4
2013,Togo,798,D,D,434,265,0
2013,Uganda,785,99,22,531,133,0
2013,South Africa,762,81,67,326,284,4
2013,Greece,735,69,15,509,141,1
2013,Bolivia,695,274,107,286,25,3
2013,Sudan,686,85,11,406,182,2
2013,Georgia,672,57,12,276,324,3
2013,Congo (Republic),665,26,0,136,503,0
2013,Fiji,631,190,3,232,206,0
2013,Senegal,585,144,18,362,61,0
2013,Indonesia,580,174,16,308,80,2
2013,Sri Lanka,573,132,33,237,169,2
2013,Costa Rica,550,138,9,388,15,0
2013,Cote d'Ivoire,544,107,8,241,187,1
2013,Kosovo,517,95,9,286,127,0
2013,Macedonia,499,104,12,257,125,1
2013,Argentina,495,120,25,320,20,10
2013,Guinea,482,86,6,210,180,0
2013,Panama,454,186,10,243,12,3
2013,Malaysia,403,150,25,140,83,5
2013,New Zealand,370,74,40,169,83,4
2013,Kazakhstan,361,23,11,120,207,0
2013,Sweden,356,65,16,171,91,13
2013,Kuwait,345,108,26,118,92,1
2013,Belize,340,175,12,145,8,0
2013,Chile,338,61,20,243,12,2
2013,Singapore,335,79,54,154,45,3
2013,Qatar,334,98,21,132,81,2
2013,Ireland,333,37,36,184,72,4
2013,Saint Lucia,307,168,0,134,5,0
2013,Serbia and Montenegro (former),280,52,4,147,75,2
2013,Eritrea,279,59,6,173,41,0
2013,Gambia,278,68,12,191,7,0
2013,Hungary,257,30,22,102,101,2
2013,Lithuania,256,52,3,82,118,1
2013,Netherlands,256,56,27,136,33,4
2013,Grenada,237,133,D,98,D,0
2013,Antigua and Barbuda,233,144,0,79,10,0
2013,Burkina Faso,232,20,4,83,125,0
2013,Kyrgyzstan,230,14,0,73,143,0
2013,Bosnia and Herzegovina,227,33,D,160,D,0
2013,Switzerland,226,21,24,117,58,6
2013,Tunisia,213,6,4,188,15,0
2013,Tajikistan,202,8,19,14,161,0
2013,Tanzania,196,41,16,98,41,0
2013,Belgium,193,22,19,97,52,3
2013,Portugal,191,68,15,98,10,0
2013,Dominica,190,123,D,59,D,0
2013,Barbados,186,101,0,D,D,0
2013,Bahamas,183,55,5,107,16,0
2013,Benin,183,19,0,41,122,1
2013,Serbia,183,33,0,90,60,0
2013,Laos,180,D,D,115,0,0
2013,Mongolia,170,16,14,58,82,0
2013,Latvia,161,22,3,111,23,2
2013,Mali,158,39,11,102,6,0
2013,Saint Vincent and the Grenadines,158,73,0,81,3,1
2013,Saint Kitts and Nevis,149,100,0,44,5,0
2013,Azerbaijan,147,12,4,38,91,2
2013,Montenegro,142,30,D,108,D,0
2013,Czechia,138,20,43,50,23,2
2013,Austria,134,23,13,62,33,3
2013,Rwanda,134,14,0,30,90,0
2013,Norway,129,22,16,76,15,0
2013,Zimbabwe,125,21,D,88,D,0
2013,Macau,123,86,D,27,D,0
2013,Tonga,118,76,0,33,9,0
2013,Denmark,117,27,12,58,17,3
2013,Libya,108,14,0,77,17,0
2013,Finland,101,5,4,54,36,2
2013,Paraguay,101,47,D,49,D,0
2013,Somalia,99,22,D,69,D,0
2013,North Korea,97,D,37,39,D,0
2013,Zambia,87,20,D,55,D,0
2013,Bahrain,85,15,3,60,7,0
2013,Uruguay,85,22,7,56,0,0
2013,Slovakia,71,18,9,25,19,0
2013,Croatia,70,9,0,43,17,1
2013,Suriname,65,36,D,24,D,2
2013,Oman,64,14,0,32,12,6
2013,Netherlands Antilles (former),63,30,0,22,11,0
2013,Turkmenistan,63,5,0,13,45,0
2013,Virgin Islands (British),61,27,D,27,D,0
2013,Cayman Islands,60,13,D,40,D,0
2013,Cyprus,52,6,3,29,14,0
2013,Bermuda,45,15,D,25,D,0
2013,Mauritania,42,11,0,27,4,0
2013,Niger,41,9,0,21,11,0
2013,Malawi,40,D,D,23,9,0
2013,Angola,38,13,0,12,13,0
2013,Estonia,38,D,D,15,11,1
2013,Iceland,37,D,10,16,D,1
2013,All other countries,36,11,6,15,4,0
2013,Burundi,35,6,0,15,14,0
2013,Madagascar,30,D,D,16,8,0
2013,Anguilla,26,19,0,6,0,1
2013,Samoa,26,D,0,D,0,0
2013,Djibouti,22,3,3,13,3,0
2013,Turks and Caicos Islands,22,6,3,13,0,0
2013,Mauritius,21,5,0,10,6,0
2013,Chad,20,7,3,7,3,0
2013,Marshall Islands,20,0,0,20,0,0
2013,Aruba,19,6,0,13,0,0
2013,Botswana,19,0,0,11,8,0
2013,Gabon,16,D,0,9,D,0
2013,Brunei,15,D,D,11,0,0
2013,Malta,15,6,0,3,6,0
2013,Mozambique,15,3,0,6,6,0
2013,Lesotho,13,0,0,6,7,0
2013,Luxembourg,12,0,0,D,D,0
2013,Slovenia,12,0,0,8,4,0
2013,Papua New Guinea,11,0,0,7,4,0
2013,Central African Republic,10,7,0,D,D,0
2013,Guinea-Bissau,10,0,0,10,0,0
2013,Namibia,10,0,D,D,D,0
2013,South Sudan,10,D,0,6,D,0
2013,Bhutan,9,D,0,D,4,0
2013,Swaziland,8,0,D,5,D,0
2013,Czechoslovakia (former),7,0,D,D,3,0
2013,Soviet Union (former),4,0,0,4,0,0
2013,Equatorial Guinea,D,0,0,D,D,0
2013,Palau,D,0,0,D,0,0
2012,Total,484072,183459,17982,238794,38964,4873
2012,Mexico,76055,31546,355,44076,12,66
2012,China (People's Republic),37827,17127,5810,14826,44,20
2012,Philippines,35776,16849,2960,15956,5,6
2012,Dominican Republic,33631,19178,36,14398,9,10
2012,India,23112,10509,546,11942,40,75
2012,Vietnam,22875,13792,32,8966,4,81
2012,Haiti,16688,8221,5,8458,3,1
2012,Bangladesh,13315,7200,93,5203,815,4
2012,Jamaica,11339,5380,88,5870,0,1
2012,Pakistan,9966,4327,201,5399,24,15
2012,El Salvador,9052,4923,115,4005,0,9
2012,Ethiopia,8909,1183,46,5992,1684,4
2012,Nigeria,8868,1395,121,5068,2271,13
2012,Colombia,8158,2576,108,5457,14,3
2012,Ghana,7149,775,55,4163,2154,2
2012,Iran,6913,2077,285,2533,2010,8
2012,Egypt,6331,796,122,3185,2195,33
2012,Canada,5804,1715,660,2908,277,244
2012,Ecuador,5177,2134,192,2839,0,12
2012,Guatemala,5173,2595,78,2489,0,11
2012,Peru,5104,1926,169,3000,0,9
2012,South Korea,4962,780,2068,2081,18,15
2012,Cuba,4012,923,0,3013,75,1
2012,Iraq,3935,142,D,473,D,3306
2012,Guyana,3898,2396,5,1489,6,2
2012,Russia,3837,316,78,2311,1122,10
2012,Honduras,3798,1486,72,2208,29,3
2012,Jordan,3790,1469,85,2019,90,127
2012,United Kingdom,3741,801,350,2165,372,53
2012,Ukraine,3607,416,48,1649,1483,11
2012,Nepal,3588,260,145,994,2179,10
2012,Uzbekistan,3437,122,12,256,3029,18
2012,Kenya,2789,279,36,1210,1261,3
2012,Germany,2679,237,65,1766,586,25
2012,Morocco,2429,292,17,1572,545,3
2012,Albania,2315,200,7,1666,441,1
2012,Liberia,2184,310,15,834,1025,0
2012,Japan,2129,153,272,1525,167,12
2012,Taiwan,2116,1146,203,620,138,9
2012,Yemen,2064,576,4,1428,54,2
2012,Venezuela,2021,518,142,1035,322,4
2012,Brazil,1850,258,86,1484,7,15
2012,Hong Kong,1776,1242,76,434,22,2
2012,Cameroon,1757,136,0,492,1129,0
2012,Nicaragua,1739,570,8,1153,6,2
2012,Cambodia,1664,332,9,1149,173,1
2012,Lebanon,1615,718,65,778,46,8
2012,Trinidad and Tobago,1571,684,24,817,36,10
2012,Armenia,1560,104,21,749,681,5
2012,Syria,1530,659,48,769,23,31
2012,Turkey,1466,93,104,519,736,14
2012,Poland,1437,784,56,569,4,24
2012,Thailand,1428,258,49,1085,35,1
2012,United Arab Emirates,1418,429,118,464,314,93
2012,Unknown,1365,260,292,657,126,30
2012,Cabo Verde,1263,689,D,566,D,0
2012,Romania,1251,194,23,600,428,6
2012,Togo,1144,100,7,557,480,0
2012,Sudan,1100,D,D,688,348,1
2012,Congo (Democratic Republic),1069,52,6,248,761,2
2012,Burma,1055,325,26,508,196,0
2012,Israel,1035,265,52,554,148,16
2012,Algeria,1029,27,7,314,679,2
2012,Bulgaria,1021,65,6,537,406,7
2012,Australia,1006,165,74,485,271,11
2012,France,941,178,66,501,183,13
2012,Congo (Republic),903,D,D,131,708,4
2012,Italy,890,174,30,482,198,6
2012,Senegal,884,172,26,587,99,0
2012,Sierra Leone,884,125,13,490,256,0
2012,Saudi Arabia,878,206,58,401,211,2
2012,South Africa,821,81,68,365,302,5
2012,Spain,750,208,29,390,107,16
2012,Cote d'Ivoire,743,87,32,329,295,0
2012,Moldova,717,37,4,130,543,3
2012,Belarus,700,D,D,234,404,5
2012,Uganda,696,68,4,481,143,0
2012,Sri Lanka,665,125,55,260,225,0
2012,Indonesia,649,188,11,387,61,2
2012,Greece,625,42,7,441,132,3
2012,Fiji,612,215,D,262,D,1
2012,Bolivia,596,174,46,360,16,0
2012,Georgia,564,32,6,278,247,1
2012,Macedonia,550,140,4,339,67,0
2012,Costa Rica,541,69,D,453,D,2
2012,Guinea,532,120,7,244,161,0
2012,Argentina,525,120,33,340,25,7
2012,Afghanistan,509,73,8,265,22,141
2012,Kosovo,509,D,D,375,74,1
2012,Panama,496,176,5,306,7,2
2012,Malaysia,462,173,16,200,58,15
2012,Kuwait,451,135,55,200,55,6
2012,Eritrea,404,43,16,224,121,0
2012,Serbia and Montenegro (former),397,46,6,225,120,0
2012,Ireland,395,61,39,204,86,5
2012,Gambia,373,57,22,280,14,0
2012,Netherlands,346,70,37,169,52,18
2012,New Zealand,345,78,41,163,59,4
2012,Singapore,343,98,37,158,40,10
2012,Saint Lucia,318,147,D,168,D,0
2012,Chile,314,70,6,232,4,2
2012,Kazakhstan,306,15,0,117,172,2
2012,Qatar,293,71,9,117,89,7
2012,Belize,288,161,0,127,0,0
2012,Sweden,276,54,18,149,41,14
2012,Benin,255,D,D,39,205,0
2012,Switzerland,254,23,27,126,74,4
2012,Hungary,252,44,10,126,72,0
2012,Lithuania,245,D,D,98,107,3
2012,Kyrgyzstan,240,10,0,100,129,1
2012,Bosnia and Herzegovina,236,15,7,195,19,0
2012,Tanzania,232,D,D,132,63,0
2012,Tunisia,225,13,6,183,23,0
2012,Portugal,221,76,10,124,8,3
2012,Grenada,218,92,D,122,D,0
2012,Antigua and Barbuda,204,105,0,99,0,0
2012,Saint Kitts and Nevis,204,123,0,D,D,0
2012,Burkina Faso,203,11,3,61,128,0
2012,Laos,200,54,6,140,0,0
2012,Latvia,199,21,0,146,32,0
2012,Belgium,197,44,13,76,62,2
2012,Mongolia,196,4,7,48,136,1
2012,Barbados,169,85,3,77,3,1
2012,Azerbaijan,165,23,0,53,88,1
2012,Macau,160,113,12,32,3,0
2012,Saint Vincent and the Grenadines,159,74,0,85,0,0
2012,Austria,151,30,7,74,38,2
2012,Bahamas,149,44,14,86,3,2
2012,Mali,146,42,14,79,10,1
2012,Zambia,139,23,6,88,22,0
2012,Czechia,128,12,14,72,23,7
2012,Montenegro,128,D,0,98,D,0
2012,Finland,122,12,0,57,52,1
2012,Tajikistan,119,0,10,11,97,1
2012,Uruguay,108,18,7,78,5,0
2012,Bahrain,105,27,4,61,13,0
2012,Zimbabwe,103,14,5,54,30,0
2012,Libya,102,4,0,79,19,0
2012,Denmark,94,D,D,61,20,2
2012,Norway,94,22,3,46,20,3
2012,Suriname,94,49,3,42,0,0
2012,Rwanda,93,D,0,D,47,0
2012,Slovakia,86,24,10,38,13,1
2012,Paraguay,85,16,D,59,D,1
2012,Dominica,83,34,D,45,D,0
2012,Oman,75,27,9,29,4,6
2012,Mauritania,68,13,4,41,10,0
2012,Tonga,68,D,0,35,D,0
2012,Croatia,65,D,D,43,15,1
2012,Turkmenistan,65,3,0,14,48,0
2012,Cayman Islands,64,21,6,32,5,0
2012,Cyprus,64,D,D,16,28,8
2012,Estonia,50,6,0,32,12,0
2012,Somalia,49,6,0,43,0,0
2012,Netherlands Antilles (former),47,25,0,21,0,1
2012,Bermuda,46,14,D,24,D,0
2012,Virgin Islands (British),44,25,0,19,0,0
2012,Iceland,38,0,6,20,12,0
2012,Angola,37,6,0,21,10,0
2012,Malawi,37,D,D,28,6,0
2012,Niger,36,D,D,22,10,0
2012,Madagascar,32,0,10,12,10,0
2012,Serbia,32,D,D,16,12,0
2012,Gabon,29,3,0,11,15,0
2012,Botswana,28,6,0,11,11,0
2012,Slovenia,25,D,0,19,D,0
2012,Burundi,24,0,0,8,16,0
2012,Marshall Islands,19,0,0,19,0,0
2012,Anguilla,18,15,0,3,0,0
2012,Djibouti,18,D,0,9,D,0
2012,Mozambique,18,D,0,12,D,0
2012,Turks and Caicos Islands,18,D,0,10,D,0
2012,All other countries,17,D,D,9,5,0
2012,Aruba,16,4,0,12,0,0
2012,Mauritius,15,0,5,6,4,0
2012,Namibia,15,D,0,8,D,0
2012,Malta,14,3,0,11,0,0
2012,Samoa,14,0,0,14,0,0
2012,Czechoslovakia (former),13,D,3,7,D,0
2012,French Polynesia,13,4,0,9,0,0
2012,Swaziland,13,D,0,D,0,0
2012,Brunei,12,0,3,5,4,0
2012,Chad,11,6,0,D,D,0
2012,Guinea-Bissau,10,D,0,D,0,0
2012,Central African Republic,9,D,D,D,0,0
2012,Lesotho,9,D,0,6,D,0
2012,Luxembourg,7,D,0,4,D,0
2012,Soviet Union (former),4,0,0,4,0,0
2012,Papua New Guinea,3,0,0,3,0,0
2012,Equatorial Guinea,0,0,0,0,0,0
2012,North Korea,0,0,0,0,0,0
2012,Bhutan,D,0,0,D,D,0
2012,Micronesia (Federated States),D,0,0,0,D,0
2012,Montserrat,D,D,0,0,0,0
2012,Palau,D,0,0,D,0,0
2011,Total,481948,206585,14955,209984,48486,1938
2011,Mexico,67824,31666,449,35628,15,66
2011,Dominican Republic,38187,24213,26,13939,D,D
2011,Philippines,34774,19098,1566,14094,4,12
2011,China (People's Republic),34148,16596,4040,13467,36,9
2011,Vietnam,27787,19055,D,8669,D,41
2011,India,24108,12255,566,11170,45,72
2011,Haiti,15379,7763,13,7599,4,0
2011,Bangladesh,15210,7688,107,4401,3008,6
2011,El Salvador,11142,6652,134,4353,D,D
2011,Jamaica,10648,5404,63,5176,3,2
2011,Pakistan,10308,5177,306,4789,18,18
2011,Ethiopia,9045,1139,55,4330,3511,10
2011,Nigeria,7327,1245,83,3415,2573,11
2011,Colombia,7254,3041,74,4126,4,9
2011,Iran,6722,2304,327,2515,1568,8
2011,Ecuador,6513,3112,305,3078,6,12
2011,South Korea,5547,1426,1834,2254,28,5
2011,Ghana,5528,818,22,1601,3084,3
2011,Peru,5401,2563,106,2725,D,D
2011,Canada,5381,1648,577,2560,331,265
2011,Egypt,5306,720,136,1644,2791,15
2011,Guatemala,5299,2901,101,2295,0,2
2011,Guyana,4899,3263,6,1611,19,0
2011,Russia,4253,372,123,2347,1405,6
2011,Ukraine,4064,570,48,1860,1574,12
2011,United Kingdom,3868,1021,413,1974,411,49
2011,Uzbekistan,3800,95,18,226,3447,14
2011,Kenya,3282,299,42,878,2058,5
2011,Morocco,3064,307,23,1336,1395,3
2011,Nepal,3035,359,178,784,1705,9
2011,Germany,2979,260,100,1783,811,25
2011,Honduras,2905,1308,100,1475,22,0
2011,Cuba,2878,639,0,2044,195,0
2011,Yemen,2831,807,D,1972,D,0
2011,Jordan,2812,1146,34,1561,40,31
2011,Taiwan,2498,1322,213,756,199,8
2011,Albania,2373,246,23,1306,796,2
2011,Japan,2320,164,219,1756,159,22
2011,Hong Kong,2271,1710,62,482,13,4
2011,Cameroon,2163,180,6,459,1517,1
2011,Venezuela,2040,518,112,1029,378,3
2011,Nicaragua,1930,791,4,1112,23,0
2011,Liberia,1917,316,15,692,894,0
2011,Poland,1847,1127,67,630,8,15
2011,Lebanon,1824,847,66,872,21,18
2011,Brazil,1793,279,130,1364,7,13
2011,Turkey,1723,169,115,642,790,7
2011,Cambodia,1670,387,15,1092,175,1
2011,Syria,1659,802,72,733,34,18
2011,Trinidad and Tobago,1652,748,29,826,45,4
2011,Armenia,1575,185,19,450,920,1
2011,Unknown,1522,407,209,735,134,37
2011,Thailand,1383,349,46,956,30,2
2011,Cabo Verde,1286,838,D,443,D,0
2011,Burma,1249,531,14,454,250,0
2011,Israel,1211,237,88,681,188,17
2011,Romania,1199,221,23,625,328,2
2011,Bulgaria,1169,90,26,479,563,11
2011,Iraq,1154,137,15,338,9,655
2011,Australia,1106,198,52,555,294,7
2011,United Arab Emirates,1087,315,88,466,184,34
2011,Algeria,1066,47,D,252,764,D
2011,France,1066,176,78,550,247,15
2011,Sierra Leone,1011,127,18,577,289,0
2011,Saudi Arabia,953,277,60,426,188,2
2011,Belarus,907,52,8,202,642,3
2011,Togo,899,106,8,373,412,0
2011,Spain,888,167,23,572,118,8
2011,Italy,835,143,27,478,183,4
2011,Congo (Democratic Republic),834,37,5,122,670,0
2011,South Africa,823,110,54,337,316,6
2011,Sudan,821,75,D,393,349,D
2011,Sri Lanka,776,167,61,223,325,0
2011,Georgia,766,28,8,317,413,0
2011,Fiji,749,344,12,243,150,0
2011,Bolivia,690,208,74,373,31,4
2011,Macedonia,689,183,14,309,182,1
2011,Moldova,675,43,7,147,474,4
2011,Indonesia,657,203,20,380,53,1
2011,Senegal,638,126,49,354,109,0
2011,Uganda,619,79,0,392,148,0
2011,Greece,593,71,29,362,130,1
2011,Congo (Republic),562,13,0,104,444,1
2011,Panama,544,193,14,327,6,4
2011,Costa Rica,540,133,9,386,10,2
2011,Guinea,530,82,9,178,261,0
2011,Kosovo,484,52,12,339,81,0
2011,Afghanistan,481,91,D,207,D,151
2011,Eritrea,460,32,18,195,215,0
2011,Serbia and Montenegro (former),455,70,7,265,109,4
2011,New Zealand,408,116,9,191,83,9
2011,Malaysia,386,118,32,161,70,5
2011,Argentina,384,57,49,241,29,8
2011,Kazakhstan,375,31,6,208,128,2
2011,Cote d'Ivoire,373,51,8,157,157,0
2011,Kuwait,363,82,17,209,49,6
2011,Ireland,361,31,15,209,104,2
2011,Benin,348,D,D,43,289,1
2011,Chile,345,68,15,250,9,3
2011,Netherlands,340,62,18,189,64,7
2011,Sweden,339,52,15,210,52,10
2011,Qatar,311,82,15,137,77,0
2011,Belize,306,127,8,163,8,0
2011,Hungary,293,29,21,151,92,0
2011,Lithuania,293,D,D,118,134,0
2011,Gambia,291,69,10,194,18,0
2011,Singapore,291,83,26,150,23,9
2011,Switzerland,281,29,16,147,83,6
2011,Saint Lucia,272,126,5,136,5,0
2011,Bosnia and Herzegovina,253,20,5,198,29,1
2011,Grenada,246,130,0,110,6,0
2011,Antigua and Barbuda,240,145,D,91,D,0
2011,Mongolia,240,16,15,77,132,0
2011,Tunisia,239,13,D,179,42,D
2011,Azerbaijan,235,15,10,65,145,0
2011,Portugal,234,71,20,122,17,4
2011,Kyrgyzstan,227,13,0,103,110,1
2011,Belgium,222,19,5,130,62,6
2011,Saint Kitts and Nevis,210,153,0,57,0,0
2011,Macau,200,157,D,32,D,1
2011,Austria,199,51,17,73,56,2
2011,Barbados,192,97,5,83,7,0
2011,Tanzania,190,52,6,103,28,1
2011,Bahamas,183,68,D,106,D,1
2011,Burkina Faso,177,11,19,49,98,0
2011,Saint Vincent and the Grenadines,170,D,0,88,D,0
2011,Paraguay,169,37,8,118,6,0
2011,Norway,168,25,10,92,40,1
2011,Czechia,162,5,58,66,32,1
2011,Latvia,160,10,5,103,40,2
2011,Zimbabwe,157,36,4,70,47,0
2011,Laos,154,66,0,88,0,0
2011,Tajikistan,145,D,11,18,112,D
2011,Mali,140,24,20,65,31,0
2011,Rwanda,139,D,D,73,63,0
2011,Montenegro,135,D,D,85,0,0
2011,Zambia,134,22,4,87,21,0
2011,Libya,130,3,0,105,22,0
2011,Tonga,120,50,0,56,14,0
2011,Denmark,111,11,10,64,23,3
2011,Bahrain,107,42,4,60,0,1
2011,Finland,105,8,0,57,39,1
2011,Slovakia,96,D,D,57,23,2
2011,Turkmenistan,93,5,4,20,64,0
2011,Dominica,92,54,0,38,0,0
2011,Uruguay,86,13,D,63,D,0
2011,Cayman Islands,76,48,0,21,5,2
2011,Croatia,70,D,D,44,15,1
2011,Oman,67,20,4,24,19,0
2011,Virgin Islands (British),54,30,0,24,0,0
2011,Estonia,50,5,0,31,14,0
2011,Somalia,50,D,0,D,D,0
2011,Cyprus,49,4,0,28,17,0
2011,Czechoslovakia (former),49,0,13,29,7,0
2011,Suriname,45,21,0,23,0,1
2011,Bermuda,41,5,D,33,D,0
2011,Mauritania,41,17,D,20,D,0
2011,Malawi,40,D,D,17,14,0
2011,Angola,34,6,0,19,9,0
2011,Botswana,34,3,5,20,6,0
2011,Netherlands Antilles (former),34,14,D,16,D,0
2011,All other countries,34,14,0,11,9,0
2011,Iceland,31,0,0,24,5,2
2011,Djibouti,28,0,D,20,D,0
2011,Madagascar,26,D,D,13,6,0
2011,Mauritius,23,D,D,9,9,0
2011,Samoa,23,D,0,20,D,0
2011,Gabon,21,D,0,11,D,0
2011,Niger,21,D,0,D,13,0
2011,Serbia,21,D,0,14,D,0
2011,Marshall Islands,19,0,0,19,0,0
2011,Anguilla,18,D,0,D,0,0
2011,Turks and Caicos Islands,18,10,0,8,0,0
2011,Lesotho,17,D,0,12,D,0
2011,Burundi,16,0,0,6,10,0
2011,Luxembourg,15,0,0,7,8,0
2011,Mozambique,15,D,0,D,0,0
2011,Central African Republic,11,D,D,D,0,0
2011,French Polynesia,11,3,4,4,0,0
2011,Soviet Union (former),11,0,0,11,0,0
2011,Swaziland,11,0,0,8,3,0
2011,Papua New Guinea,10,0,0,D,D,0
2011,Aruba,8,0,0,D,D,0
2011,Guinea-Bissau,8,0,0,8,0,0
2011,Namibia,8,0,0,D,D,0
2011,Slovenia,8,D,0,D,0,0
2011,Chad,6,0,0,D,D,0
2011,Malta,6,D,0,D,0,0
2011,Montserrat,5,D,0,D,D,0
2011,Brunei,0,0,0,0,0,0
2011,North Korea,0,0,0,0,0,0
2011,Bhutan,D,0,D,D,0,0
2011,Equatorial Guinea,D,0,0,0,D,0
2011,Palau,D,0,0,D,0,0
2010,Total,476049,188310,12333,223572,48192,3642
2010,Mexico,65772,21981,310,43415,5,61
2010,Dominican Republic,45188,30720,31,14408,15,14
2010,Philippines,35760,17305,885,17533,12,25
2010,China (People's Republic),29332,13224,3052,13023,22,11
2010,India,27830,14045,882,12775,48,80
2010,Vietnam,25141,17923,51,7148,0,19
2010,Haiti,15593,8137,26,7425,4,1
2010,Bangladesh,13236,5902,203,4328,2797,6
2010,Pakistan,12217,5976,440,5768,12,21
2010,Jamaica,10567,4851,80,5630,D,D
2010,El Salvador,10555,5773,196,4583,D,D
2010,Ethiopia,10028,674,55,5331,3964,4
2010,Nigeria,8749,1323,105,4395,2918,8
2010,Iran,7252,2621,233,2935,1453,10
2010,Colombia,6859,2396,86,4364,7,6
2010,Egypt,6426,735,162,2087,3428,14
2010,Ecuador,6222,2853,279,3078,0,12
2010,Peru,5185,2219,92,2861,D,D
2010,Guyana,5060,3380,11,1649,19,1
2010,South Korea,4397,1376,930,2081,3,7
2010,Ghana,4297,491,28,1744,2034,0
2010,Guatemala,4174,1893,109,2169,D,D
2010,Russia,3948,315,149,2626,845,13
2010,Ukraine,3735,348,53,1597,1727,10
2010,Uzbekistan,3594,71,16,241,3251,15
2010,Albania,3532,288,31,1584,1627,2
2010,Morocco,3529,261,22,1500,1742,4
2010,Iraq,3443,336,17,576,32,2482
2010,Cuba,3419,440,0,2853,125,1
2010,Honduras,3384,1246,116,2008,14,0
2010,Kenya,3203,205,37,724,2228,9
2010,Yemen,3080,560,22,2452,44,2
2010,Taiwan,2798,1554,182,892,163,7
2010,Nepal,2665,254,165,635,1610,1
2010,United Kingdom,2649,449,332,1686,134,48
2010,Germany,2404,140,110,1273,856,25
2010,Jordan,2326,949,41,1259,60,17
2010,Canada,2149,476,373,1094,61,145
2010,Nicaragua,2100,856,12,1219,12,1
2010,Cameroon,2062,87,4,446,1525,0
2010,Japan,2000,90,239,1472,188,11
2010,Lebanon,1991,856,66,1018,43,8
2010,Poland,1947,1104,99,712,9,23
2010,Venezuela,1844,344,115,1016,366,3
2010,Turkey,1785,146,114,551,964,10
2010,Brazil,1648,163,154,1292,9,30
2010,Cambodia,1595,401,19,1060,115,0
2010,Armenia,1570,110,37,421,999,3
2010,Trinidad and Tobago,1549,660,36,770,78,5
2010,Liberia,1501,148,8,590,754,1
2010,Syria,1461,739,49,626,40,7
2010,Hong Kong,1421,1138,30,228,22,3
2010,Thailand,1402,292,42,1032,35,1
2010,Romania,1272,284,34,636,314,4
2010,Burma,1180,435,24,393,328,0
2010,Sudan,1166,49,5,633,477,2
2010,Cabo Verde,1164,707,13,441,3,0
2010,Bulgaria,1153,102,31,469,539,12
2010,Sierra Leone,1065,86,35,533,411,0
2010,Algeria,1032,26,3,260,741,2
2010,Afghanistan,1029,246,22,537,50,174
2010,Belarus,1004,60,18,218,706,2
2010,Fiji,915,361,0,319,233,2
2010,Togo,912,69,10,368,465,0
2010,Sri Lanka,880,165,47,292,373,3
2010,France,832,87,74,419,234,18
2010,Georgia,818,22,22,322,452,0
2010,Israel,809,144,69,479,95,22
2010,Eritrea,805,49,27,343,386,0
2010,Indonesia,771,264,33,358,115,1
2010,Serbia and Montenegro (former),740,93,6,456,181,4
2010,Bolivia,703,145,57,433,64,4
2010,South Africa,700,64,87,304,240,5
2010,Saudi Arabia,688,260,22,312,82,12
2010,Congo (Democratic Republic),675,11,3,110,549,2
2010,Australia,672,49,38,369,200,16
2010,Somalia,655,33,0,562,59,1
2010,Macedonia,619,131,D,338,146,D
2010,Italy,588,68,56,319,142,3
2010,Kazakhstan,586,40,13,352,180,1
2010,Senegal,562,56,24,347,135,0
2010,Panama,531,182,4,330,14,1
2010,Unknown,531,127,14,370,17,3
2010,Moldova,514,34,8,122,349,1
2010,Kuwait,454,218,9,176,51,0
2010,Cote d'Ivoire,451,34,3,153,261,0
2010,Spain,427,39,16,284,78,10
2010,Argentina,410,65,39,248,47,11
2010,Costa Rica,410,84,16,291,17,2
2010,United Arab Emirates,397,162,18,155,43,19
2010,Chile,393,94,14,272,8,5
2010,Uganda,391,50,7,207,127,0
2010,Azerbaijan,372,45,8,118,201,0
2010,Malaysia,334,108,33,152,34,7
2010,Bosnia and Herzegovina,329,D,D,276,30,0
2010,Ireland,314,6,14,224,64,6
2010,Saint Lucia,306,129,D,171,D,0
2010,Kosovo,297,24,0,228,45,0
2010,New Zealand,288,31,20,158,78,1
2010,Netherlands,280,48,26,130,71,5
2010,Lithuania,278,57,4,96,119,2
2010,Sweden,277,22,26,171,50,8
2010,Congo (Republic),276,5,9,52,209,1
2010,Tanzania,270,66,8,128,68,0
2010,Belize,269,128,D,134,D,0
2010,Benin,262,3,5,32,219,3
2010,Gambia,262,44,11,179,28,0
2010,Guinea,262,D,D,139,110,0
2010,Kyrgyzstan,261,23,4,105,128,1
2010,Greece,260,33,4,151,68,4
2010,Hungary,251,29,16,125,76,5
2010,Grenada,245,124,0,D,D,0
2010,Saint Vincent and the Grenadines,226,91,3,127,5,0
2010,Laos,215,99,4,108,4,0
2010,Saint Kitts and Nevis,207,137,0,D,D,0
2010,Tunisia,206,D,D,139,51,0
2010,Antigua and Barbuda,187,89,D,92,D,0
2010,Libya,187,33,0,97,57,0
2010,Zimbabwe,183,17,15,107,44,0
2010,Switzerland,171,14,10,69,70,8
2010,Barbados,165,86,D,65,D,0
2010,Tajikistan,160,16,11,26,107,0
2010,Singapore,159,53,15,73,9,9
2010,Portugal,155,43,14,87,8,3
2010,Mongolia,153,3,8,67,75,0
2010,Austria,149,21,7,63,51,7
2010,Latvia,139,15,3,90,29,2
2010,Bahamas,129,46,D,69,D,0
2010,Burkina Faso,126,12,9,21,84,0
2010,Belgium,124,15,18,57,32,2
2010,Czechia,122,6,20,68,28,0
2010,Zambia,116,16,0,78,22,0
2010,Denmark,114,11,13,70,17,3
2010,Croatia,111,16,10,63,21,1
2010,Finland,110,10,5,62,30,3
2010,Tonga,109,54,0,36,19,0
2010,Macau,106,82,5,13,6,0
2010,Paraguay,105,11,3,80,11,0
2010,Mali,103,11,14,59,19,0
2010,Rwanda,103,0,D,59,D,0
2010,Montenegro,102,24,D,67,D,0
2010,Slovakia,97,D,D,56,32,0
2010,Uruguay,95,13,8,67,6,1
2010,Norway,94,D,8,68,15,D
2010,Dominica,86,44,0,42,0,0
2010,Qatar,85,24,8,40,11,2
2010,Suriname,81,42,D,35,D,D
2010,Turkmenistan,81,D,D,16,58,0
2010,Estonia,62,9,D,44,D,0
2010,Iceland,59,D,D,20,32,0
2010,Burundi,47,D,D,9,33,0
2010,Cyprus,46,4,3,26,12,1
2010,Czechoslovakia (former),46,3,9,26,7,1
2010,Mauritania,45,3,12,23,7,0
2010,Samoa,44,4,0,36,4,0
2010,Angola,40,12,D,16,D,0
2010,Soviet Union (former),37,D,D,27,5,0
2010,Madagascar,36,D,D,16,17,0
2010,Malawi,34,5,3,18,8,0
2010,Mauritius,31,8,0,3,20,0
2010,All other countries,31,6,0,23,2,0
2010,Bahrain,28,14,D,D,D,0
2010,Gabon,28,0,0,19,9,0
2010,Bhutan,24,D,D,18,D,0
2010,Oman,24,11,D,9,D,0
2010,Virgin Islands (British),23,11,0,12,0,0
2010,Bermuda,22,D,D,15,0,0
2010,Djibouti,22,0,0,18,4,0
2010,Slovenia,21,D,0,16,D,0
2010,Netherlands Antilles (former),19,D,D,11,0,1
2010,Marshall Islands,18,0,0,18,0,0
2010,Mozambique,18,D,0,D,D,0
2010,Papua New Guinea,18,0,0,5,13,0
2010,Guinea-Bissau,15,D,D,12,0,0
2010,Lesotho,15,D,0,D,D,0
2010,Botswana,14,D,3,D,7,0
2010,Chad,14,D,0,D,10,0
2010,Central African Republic,13,0,0,8,5,0
2010,Namibia,13,D,D,8,D,0
2010,Cayman Islands,12,3,0,9,0,0
2010,Swaziland,12,D,0,D,D,0
2010,Aruba,11,4,0,6,0,1
2010,Niger,11,0,D,D,6,0
2010,United States,11,D,D,6,D,0
2010,Anguilla,10,4,0,6,0,0
2010,Malta,7,D,0,D,3,0
2010,Montserrat,7,D,0,D,D,0
2010,Turks and Caicos Islands,7,4,0,3,0,0
2010,Brunei,5,D,D,D,0,0
2010,Palau,5,0,0,5,0,0
2010,French Polynesia,4,0,D,D,0,0
2010,Luxembourg,3,D,0,D,0,0
2010,American Samoa,0,0,0,0,0,0
2010,North Korea,0,0,0,0,0,0
2010,Monaco,D,0,0,D,0,0
2010,Serbia,D,D,0,D,0,0
2009,Total,463042,172072,13782,226481,46602,4105
2009,Mexico,74948,32248,436,42194,11,59
2009,Dominican Republic,37357,19979,37,17322,16,3
2009,Philippines,34615,13674,2298,18622,4,17
2009,India,25324,12386,658,12142,58,80
2009,China (People's Republic),23274,10602,1978,10659,26,9
2009,Vietnam,20153,12581,D,7494,D,57
2009,Bangladesh,14743,7205,217,4389,2922,10
2009,Pakistan,14647,8428,493,5678,14,34
2009,Haiti,14124,6723,17,7382,0,2
2009,Jamaica,10814,4139,83,6585,5,2
2009,El Salvador,10283,5063,242,4976,0,2
2009,Nigeria,9803,1268,87,4750,3684,14
2009,Ethiopia,9275,523,35,4902,3806,9
2009,Colombia,6403,2182,147,4058,8,8
2009,Ecuador,6277,2553,226,3472,18,8
2009,Iran,6200,2279,298,2574,1038,11
2009,Egypt,5805,609,114,1736,3323,23
2009,Guatemala,5286,1942,119,3220,0,5
2009,Peru,5267,2005,145,3105,4,8
2009,South Korea,5054,1025,1592,2423,4,10
2009,Guyana,4847,2998,4,1825,20,0
2009,Cuba,4154,1016,0,2951,183,4
2009,Ghana,4092,343,34,1940,1775,0
2009,Morocco,3648,206,64,1290,2086,2
2009,Russia,3619,204,91,3109,207,8
2009,Ukraine,3594,261,40,1736,1550,7
2009,Albania,3576,148,23,1465,1937,3
2009,Iraq,3456,450,22,744,61,2179
2009,Taiwan,3097,1698,250,929,216,4
2009,Kenya,3063,132,43,622,2258,8
2009,Honduras,2931,1164,82,1671,11,3
2009,United Kingdom,2782,384,497,1734,124,43
2009,Uzbekistan,2742,35,14,217,2470,6
2009,Jordan,2612,1028,39,1488,47,10
2009,Yemen,2491,334,D,2117,38,D
2009,Germany,2396,159,117,1238,855,27
2009,Nepal,2342,137,77,370,1751,7
2009,Nicaragua,2239,759,3,1463,14,0
2009,Canada,2223,495,372,1063,52,241
2009,Japan,2149,68,347,1518,204,12
2009,Poland,2149,1194,126,793,11,25
2009,Cambodia,2049,368,11,1599,71,0
2009,Lebanon,2024,913,72,956,80,3
2009,Turkey,1852,130,198,587,928,9
2009,Afghanistan,1811,303,12,550,37,909
2009,Brazil,1747,139,199,1392,4,13
2009,Cameroon,1733,43,28,307,1354,1
2009,Trinidad and Tobago,1668,785,25,796,59,3
2009,Cabo Verde,1514,852,13,640,8,1
2009,Armenia,1495,119,18,458,898,2
2009,Romania,1392,229,48,753,354,8
2009,Venezuela,1392,223,63,901,198,7
2009,Liberia,1364,138,16,474,736,0
2009,Hong Kong,1327,1038,33,223,29,4
2009,Syria,1305,618,68,589,25,5
2009,Bulgaria,1295,68,21,455,739,12
2009,Thailand,1239,178,53,963,44,1
2009,Serbia and Montenegro (former),1223,109,6,823,282,3
2009,Algeria,1126,39,6,240,834,7
2009,Burma,1062,381,16,407,258,0
2009,Sierra Leone,988,60,10,423,495,0
2009,Sudan,970,24,D,506,437,D
2009,Bolivia,910,230,189,448,43,0
2009,Belarus,906,48,10,191,654,3
2009,Sri Lanka,893,114,55,216,507,1
2009,Israel,818,162,74,492,78,12
2009,Fiji,815,200,D,331,281,D
2009,France,767,89,83,381,201,13
2009,Saudi Arabia,764,254,53,353,101,3
2009,Macedonia,715,132,6,386,190,1
2009,Togo,706,72,5,225,404,0
2009,South Africa,681,42,69,314,249,7
2009,Eritrea,680,56,26,305,293,0
2009,Kazakhstan,663,20,7,486,150,0
2009,Italy,646,78,54,361,144,9
2009,Indonesia,624,146,42,344,91,1
2009,Australia,613,47,22,366,173,5
2009,Senegal,584,57,34,370,122,1
2009,Panama,577,167,6,395,6,3
2009,Somalia,560,27,0,491,42,0
2009,Congo (Democratic Republic),532,16,17,79,419,1
2009,Georgia,531,11,19,200,301,0
2009,Kuwait,502,259,19,187,35,2
2009,Unknown,479,109,9,312,48,1
2009,Cote d'Ivoire,452,33,4,217,197,1
2009,Uganda,445,62,6,226,150,1
2009,Bosnia and Herzegovina,418,17,0,350,49,2
2009,Argentina,413,65,43,253,46,6
2009,Moldova,413,33,7,144,229,0
2009,Congo (Republic),390,12,3,76,299,0
2009,Costa Rica,372,62,12,295,D,D
2009,Chile,368,69,8,276,11,4
2009,Spain,335,17,32,231,51,4
2009,United Arab Emirates,322,139,24,99,55,5
2009,Malaysia,313,70,59,162,22,0
2009,Netherlands,298,35,21,158,78,6
2009,Saint Lucia,296,129,3,160,4,0
2009,Azerbaijan,289,32,0,108,149,0
2009,Hungary,276,17,12,152,94,1
2009,Lithuania,264,21,9,141,88,5
2009,Belize,256,107,D,144,D,0
2009,Guinea,243,10,12,121,100,0
2009,Tanzania,243,67,8,87,81,0
2009,New Zealand,242,18,12,150,59,3
2009,Greece,241,23,11,139,67,1
2009,Kyrgyzstan,241,D,D,111,124,0
2009,Ireland,228,8,32,136,43,9
2009,Sweden,223,27,18,130,45,3
2009,Mongolia,221,D,D,82,132,0
2009,Switzerland,213,19,27,87,75,5
2009,Antigua and Barbuda,211,114,0,D,D,0
2009,Grenada,206,80,0,126,0,0
2009,Gambia,205,19,17,157,11,1
2009,Saint Vincent and the Grenadines,205,D,D,123,D,0
2009,Benin,204,D,4,41,156,D
2009,Barbados,199,101,D,95,D,0
2009,Laos,177,67,D,104,D,0
2009,Zimbabwe,173,10,9,98,55,1
2009,Saint Kitts and Nevis,163,91,0,D,D,0
2009,Portugal,162,49,16,90,7,0
2009,Tunisia,158,10,4,101,42,1
2009,Libya,146,15,6,93,31,1
2009,Slovakia,137,13,12,66,45,1
2009,Zambia,136,14,4,81,37,0
2009,Tonga,133,48,0,56,29,0
2009,Belgium,128,10,9,67,41,1
2009,Singapore,124,39,4,64,13,4
2009,Burkina Faso,123,3,5,24,91,0
2009,Croatia,121,D,D,80,28,1
2009,Dominica,119,56,0,57,6,0
2009,Austria,116,12,5,53,41,5
2009,Turkmenistan,109,D,D,36,68,0
2009,Latvia,106,D,D,73,27,1
2009,Tajikistan,104,D,D,24,72,0
2009,Uruguay,104,14,7,80,3,0
2009,Macau,101,91,0,D,D,0
2009,Paraguay,98,12,D,83,D,0
2009,Bahamas,90,D,0,53,D,1
2009,Denmark,87,6,13,55,11,2
2009,Finland,86,6,5,57,17,1
2009,Czechia,81,7,4,52,15,3
2009,Norway,79,D,D,56,14,3
2009,Mali,76,3,8,34,31,0
2009,Suriname,68,43,D,22,0,D
2009,Czechoslovakia (former),62,3,5,38,16,0
2009,Rwanda,61,0,D,30,D,0
2009,Estonia,58,D,D,34,12,0
2009,Soviet Union (former),57,4,0,53,0,0
2009,Qatar,56,14,5,33,3,1
2009,Samoa,50,D,D,37,6,0
2009,Madagascar,40,6,3,19,12,0
2009,Angola,37,16,D,17,D,0
2009,Netherlands Antilles (former),36,12,0,18,6,0
2009,Bermuda,33,D,D,D,0,0
2009,Burundi,33,0,0,14,19,0
2009,Malawi,32,3,0,19,10,0
2009,All other countries,32,5,0,18,9,0
2009,Bahrain,31,13,5,9,4,0
2009,Iceland,29,D,D,24,D,0
2009,Mauritius,29,8,4,10,7,0
2009,Djibouti,28,D,0,D,14,0
2009,Oman,28,D,D,8,16,0
2009,Cyprus,27,7,5,10,5,0
2009,Mauritania,25,D,0,20,D,0
2009,Marshall Islands,24,0,0,24,0,0
2009,Virgin Islands (British),22,D,0,D,0,0
2009,Niger,21,3,3,4,11,0
2009,Slovenia,21,0,0,16,4,1
2009,Swaziland,19,0,D,D,0,0
2009,Malta,18,0,5,13,0,0
2009,Chad,17,0,D,D,12,0
2009,Gabon,16,0,0,9,7,0
2009,Montserrat,16,11,0,5,0,0
2009,United States,16,D,D,10,3,0
2009,Botswana,13,D,0,7,D,0
2009,Mozambique,13,D,0,10,D,0
2009,Turks and Caicos Islands,13,6,0,7,0,0
2009,Cayman Islands,11,D,D,6,D,0
2009,Luxembourg,11,D,0,8,0,D
2009,Anguilla,9,D,0,D,0,0
2009,Bhutan,9,0,0,3,6,0
2009,Aruba,8,D,0,D,4,0
2009,French Polynesia,7,0,0,7,0,0
2009,Brunei,4,D,0,0,D,0
2009,Central African Republic,4,0,0,4,0,0
2009,North Korea,4,D,D,D,0,0
2009,Papua New Guinea,4,0,0,D,D,0
2009,Lesotho,3,0,0,3,0,0
2009,Palau,3,D,0,D,0,0
2009,Micronesia (Federated States),0,0,0,0,0,0
2009,New Caledonia,0,0,0,0,0,0
2009,American Samoa,D,0,D,0,0,0
2009,Equatorial Guinea,D,0,0,D,0,0
2009,Guinea-Bissau,D,0,0,D,0,0
2009,Namibia,D,0,0,D,0,0
2008,Total,466558,170862,15214,237393,40321,2768
2008,Mexico,91780,27006,267,64427,9,71
2008,Philippines,32478,13323,2892,16233,7,23
2008,China (People's Republic),32151,15932,1234,14955,22,8
2008,India,27385,14455,1599,11198,58,75
2008,Vietnam,23908,15788,D,7998,D,93
2008,Dominican Republic,22562,9029,27,13502,D,D
2008,Haiti,15127,9062,21,6037,0,7
2008,Pakistan,12154,6363,626,5142,5,18
2008,Jamaica,9523,4948,133,4433,3,6
2008,Bangladesh,9426,3053,190,3260,2913,10
2008,El Salvador,8997,4969,397,3629,0,2
2008,Guatemala,8314,1876,156,6259,21,2
2008,Nigeria,8184,1116,169,3699,3187,13
2008,Ethiopia,7478,555,49,3952,2918,4
2008,Colombia,6893,2683,137,4063,4,6
2008,Iran,6733,2860,253,2861,745,14
2008,Ecuador,6447,2400,443,3519,77,8
2008,Egypt,5612,731,101,1451,3313,16
2008,Cuba,5505,2554,4,2722,224,1
2008,Peru,5436,2071,187,2980,190,8
2008,Korea (North and South),5229,1283,1376,2556,6,8
2008,Guyana,4962,3368,19,1564,8,3
2008,Ghana,4781,604,63,3017,1097,0
2008,Ukraine,4202,252,56,1472,2417,5
2008,Russia,3872,222,97,3344,199,10
2008,Taiwan,3852,2576,164,875,230,7
2008,Albania,3811,109,10,1659,2030,3
2008,Honduras,3414,1307,124,1968,15,0
2008,United Kingdom,2829,609,439,1634,90,57
2008,Morocco,2814,204,37,952,1615,6
2008,Iraq,2646,714,20,687,68,1157
2008,Jordan,2566,1218,31,1278,31,8
2008,Poland,2454,1553,185,667,13,36
2008,Lebanon,2445,1185,105,1099,50,6
2008,Canada,2437,592,395,1229,45,176
2008,Germany,2335,154,122,1350,688,21
2008,Uzbekistan,2231,46,15,215,1953,2
2008,Hong Kong,2199,1885,57,228,26,3
2008,Japan,2169,95,374,1444,240,16
2008,Kenya,2164,186,44,521,1409,4
2008,Cambodia,2152,442,7,1597,106,0
2008,Nepal,2117,91,137,252,1632,5
2008,Nicaragua,2059,769,14,1258,18,0
2008,Brazil,1704,179,200,1266,49,10
2008,Romania,1703,236,62,669,734,2
2008,Trinidad and Tobago,1691,856,34,745,53,3
2008,Turkey,1550,92,100,600,746,12
2008,Bulgaria,1441,47,15,387,986,6
2008,Afghanistan,1397,297,16,460,21,603
2008,Syria,1357,675,73,570,37,2
2008,Cabo Verde,1352,864,5,483,0,0
2008,Thailand,1297,288,78,900,28,3
2008,Liberia,1272,140,12,663,457,0
2008,Yemen,1270,218,19,1012,21,0
2008,Venezuela,1140,237,48,753,99,3
2008,Serbia and Montenegro (former),1107,85,12,736,272,2
2008,Armenia,1094,123,19,299,652,1
2008,Cameroon,1060,71,11,264,713,1
2008,Burma,941,467,15,369,88,2
2008,France,899,94,91,465,233,16
2008,Israel,874,150,88,523,95,18
2008,Sri Lanka,863,193,90,207,370,3
2008,Bolivia,843,180,198,393,71,1
2008,Fiji,839,327,6,229,277,0
2008,Belarus,838,42,15,149,629,3
2008,Macedonia,753,166,10,372,204,1
2008,Sierra Leone,720,82,8,371,259,0
2008,Kazakhstan,715,19,4,538,154,0
2008,Sudan,689,47,4,376,261,1
2008,Australia,671,49,51,379,174,18
2008,Algeria,665,19,7,166,472,1
2008,Indonesia,632,143,21,313,151,4
2008,Saudi Arabia,592,207,80,236,64,5
2008,Panama,570,219,4,337,8,2
2008,Italy,559,75,51,327,102,4
2008,Togo,550,36,22,116,376,0
2008,Kuwait,533,267,60,184,18,4
2008,South Africa,516,65,28,290,128,5
2008,Eritrea,500,39,20,241,200,0
2008,Cote d'Ivoire,472,59,16,235,161,1
2008,Somalia,459,43,D,392,D,0
2008,Senegal,427,42,29,272,84,0
2008,Unknown,424,135,14,239,36,0
2008,Georgia,422,10,12,136,264,0
2008,Moldova,413,14,3,160,236,0
2008,Argentina,401,51,43,257,43,7
2008,Malaysia,395,120,56,190,26,3
2008,Uganda,377,87,14,179,96,1
2008,Chile,376,76,17,262,18,3
2008,Costa Rica,373,75,17,274,5,2
2008,Bosnia and Herzegovina,344,14,6,284,39,1
2008,Saint Lucia,328,133,D,180,D,0
2008,Spain,328,27,27,225,41,8
2008,Belize,327,165,23,135,4,0
2008,United Arab Emirates,325,154,32,91,34,14
2008,Kyrgyzstan,303,D,D,170,124,0
2008,New Zealand,285,41,11,153,79,1
2008,Netherlands,283,27,26,157,63,10
2008,Grenada,275,135,D,138,0,D
2008,Azerbaijan,258,33,6,100,119,0
2008,Ireland,257,14,18,166,50,9
2008,Lithuania,255,19,6,119,109,2
2008,Congo (Republic),252,D,D,48,187,0
2008,Tanzania,250,88,13,91,58,0
2008,Greece,247,32,9,117,89,0
2008,Hungary,246,12,19,146,65,4
2008,Mongolia,241,D,D,79,154,0
2008,Saint Kitts and Nevis,226,159,3,64,0,0
2008,Antigua and Barbuda,219,152,0,D,D,0
2008,Sweden,217,27,16,141,30,3
2008,Saint Vincent and the Grenadines,205,117,4,84,0,0
2008,Congo (Democratic Republic),182,6,0,31,145,0
2008,Dominica,182,96,D,83,D,0
2008,Benin,181,4,26,20,131,0
2008,Laos,179,94,4,77,4,0
2008,Barbados,178,96,D,71,D,0
2008,Singapore,168,39,19,93,14,3
2008,Macau,165,145,0,10,10,0
2008,Tonga,163,100,0,46,17,0
2008,Guinea,158,7,5,84,62,0
2008,Portugal,158,54,10,84,10,0
2008,Switzerland,157,15,14,68,58,2
2008,Gambia,154,19,9,117,9,0
2008,Zimbabwe,147,30,15,65,37,0
2008,Slovakia,141,16,20,47,57,1
2008,Belgium,134,15,14,73,29,3
2008,Libya,126,18,4,80,21,3
2008,Paraguay,124,19,11,91,3,0
2008,Tunisia,122,21,3,70,27,1
2008,Zambia,122,23,8,60,31,0
2008,Bahamas,119,54,3,58,4,0
2008,Czechia,119,15,14,54,33,3
2008,Croatia,111,10,3,75,22,1
2008,Tajikistan,108,D,D,29,70,1
2008,Mali,102,7,18,50,26,1
2008,Austria,101,13,11,54,18,5
2008,Uruguay,99,13,D,78,D,0
2008,Denmark,96,5,20,58,11,2
2008,Latvia,92,0,0,77,15,0
2008,Norway,88,15,6,60,6,1
2008,Suriname,86,47,D,34,D,1
2008,Turkmenistan,83,D,D,18,61,0
2008,Czechoslovakia (former),79,0,3,43,32,1
2008,Rwanda,76,D,D,38,32,0
2008,Qatar,74,25,11,32,5,1
2008,Finland,66,D,10,47,5,D
2008,Burkina Faso,63,0,9,11,43,0
2008,Estonia,54,D,D,32,15,0
2008,Angola,46,25,3,12,6,0
2008,Bahrain,46,23,6,14,D,D
2008,Samoa,41,15,D,22,D,1
2008,All other countries,41,15,D,20,D,0
2008,Bermuda,38,7,D,26,D,1
2008,Iceland,37,D,11,16,5,D
2008,Soviet Union (former),37,D,3,31,D,0
2008,Madagascar,36,6,12,5,13,0
2008,Oman,33,D,13,11,D,0
2008,Malawi,31,D,D,16,8,0
2008,Cyprus,28,9,D,12,4,D
2008,Netherlands Antilles (former),25,13,0,12,0,0
2008,Montserrat,23,19,0,4,0,0
2008,Virgin Islands (British),23,14,0,8,0,1
2008,Burundi,22,D,0,11,D,0
2008,Mauritania,22,D,0,15,D,0
2008,Mauritius,20,0,D,D,13,0
2008,Djibouti,18,D,0,D,8,0
2008,Gabon,18,0,0,6,12,0
2008,Slovenia,17,D,D,7,5,0
2008,Mozambique,14,10,D,D,0,0
2008,Niger,14,0,D,7,D,0
2008,United States,12,D,D,9,0,0
2008,Anguilla,10,5,0,5,0,0
2008,Aruba,10,D,0,D,6,0
2008,Namibia,10,0,D,D,0,0
2008,Cayman Islands,9,D,0,6,0,D
2008,Malta,9,0,0,9,0,0
2008,Bhutan,8,0,0,3,5,0
2008,Botswana,8,0,0,D,D,0
2008,Brunei,8,D,D,0,0,0
2008,Chad,8,0,0,5,3,0
2008,Marshall Islands,7,0,0,7,0,0
2008,Turks and Caicos Islands,7,D,D,4,0,0
2008,Guinea-Bissau,6,D,0,D,0,0
2008,French Polynesia,5,D,0,D,0,0
2008,Luxembourg,5,0,D,D,D,0
2008,Swaziland,4,D,0,D,0,0
2008,American Samoa,0,0,0,0,0,0
2008,Micronesia (Federated States),0,0,0,0,0,0
2008,Central African Republic,D,0,0,D,0,0
2008,Equatorial Guinea,D,0,0,D,0,0
2008,Lesotho,D,0,0,D,0,0
2007,Total,431368,142841,28651,217732,40767,1377
2007,Mexico,53414,16473,509,36365,8,59
2007,Philippines,46537,12766,9173,24561,D,D
2007,China (People's Republic),33295,14618,2241,16416,14,6
2007,India,30815,14966,4220,11488,50,91
2007,Vietnam,20586,12078,D,8404,D,75
2007,Dominican Republic,17880,11407,49,6415,D,D
2007,Haiti,17239,6983,20,10235,0,1
2007,Bangladesh,9490,2747,237,3270,3229,7
2007,Jamaica,8662,3847,147,4662,D,D
2007,Guatemala,8166,1316,136,6705,7,2
2007,Nigeria,7473,792,267,3720,2688,6
2007,Ethiopia,7407,375,26,3586,3410,10
2007,El Salvador,7391,3795,315,3277,0,4
2007,Pakistan,6627,2796,500,3316,D,D
2007,Peru,6448,1729,338,2914,1458,9
2007,Egypt,6227,717,191,1496,3805,18
2007,Colombia,6086,1830,207,4037,5,7
2007,Iran,6001,2119,244,3008,626,4
2007,Ecuador,5801,1788,1043,2865,97,8
2007,Korea (North and South),5339,1530,1107,2687,6,9
2007,Ukraine,4711,127,132,1687,2757,8
2007,Cuba,4337,1777,10,2321,229,0
2007,Russia,4319,122,107,3904,182,4
2007,Taiwan,4238,2805,269,923,236,5
2007,Ghana,3916,635,79,2104,1098,0
2007,Honduras,3689,1324,137,2218,7,3
2007,Poland,3490,1787,335,1070,272,26
2007,Guyana,3340,2264,D,1058,D,0
2007,United Kingdom,3143,511,682,1820,89,41
2007,Morocco,2895,189,37,813,1855,1
2007,Albania,2883,115,17,1589,1162,0
2007,Jordan,2677,1116,55,1475,25,6
2007,Germany,2669,177,259,1668,546,19
2007,Kenya,2502,156,71,548,1722,5
2007,Lebanon,2445,855,139,1414,36,1
2007,Japan,2416,89,530,1596,181,20
2007,Canada,2274,435,630,998,44,167
2007,Romania,2106,224,118,878,883,3
2007,Bulgaria,2093,52,26,689,1318,8
2007,Cambodia,2079,442,18,1564,55,0
2007,Hong Kong,2079,1721,48,277,25,8
2007,Brazil,1969,177,275,1302,202,13
2007,Nicaragua,1876,704,11,1151,9,1
2007,Iraq,1833,723,13,659,26,412
2007,Nepal,1768,117,238,269,1138,6
2007,Trinidad and Tobago,1755,847,47,807,47,7
2007,Turkey,1635,187,269,515,654,10
2007,Yemen,1574,255,25,1280,13,1
2007,Thailand,1520,296,95,1095,32,2
2007,Liberia,1493,196,17,739,541,0
2007,Venezuela,1396,259,97,903,134,3
2007,Serbia and Montenegro (former),1384,100,16,976,292,0
2007,Syria,1380,627,83,655,15,0
2007,Cabo Verde,1375,832,D,540,D,0
2007,Cameroon,1236,47,7,282,897,3
2007,Uzbekistan,1178,23,23,180,952,0
2007,Burma,1076,493,25,409,147,2
2007,Armenia,1036,72,38,350,576,0
2007,Fiji,1030,404,6,327,292,1
2007,Israel,947,124,107,606,95,15
2007,France,856,78,133,469,164,12
2007,Bolivia,852,114,224,432,79,3
2007,Sudan,845,49,12,457,327,0
2007,Kazakhstan,837,13,3,714,107,0
2007,Macedonia,778,200,12,376,188,2
2007,Belarus,734,31,11,218,474,0
2007,Sri Lanka,723,207,68,209,235,4
2007,Australia,722,64,67,362,218,11
2007,Algeria,673,11,6,211,442,3
2007,Saudi Arabia,652,173,171,240,62,6
2007,Sierra Leone,628,85,17,321,205,0
2007,Togo,603,19,10,90,482,2
2007,South Africa,579,75,99,256,142,7
2007,Panama,567,165,20,370,9,3
2007,Indonesia,563,126,22,310,102,3
2007,Kuwait,561,266,84,184,24,3
2007,Italy,553,69,71,356,51,6
2007,Costa Rica,521,89,15,408,6,3
2007,Argentina,512,67,96,301,39,9
2007,Chile,503,92,35,347,26,3
2007,Malaysia,495,138,134,194,28,1
2007,Afghanistan,481,135,D,288,D,39
2007,Bosnia and Herzegovina,480,11,D,436,30,D
2007,United Arab Emirates,480,177,168,86,41,8
2007,Eritrea,459,30,16,244,168,1
2007,Lithuania,436,17,16,216,183,4
2007,Cote d'Ivoire,425,50,14,226,135,0
2007,Senegal,396,33,43,253,67,0
2007,Georgia,372,8,36,119,209,0
2007,Somalia,370,D,D,329,21,0
2007,New Zealand,339,33,43,174,87,2
2007,Netherlands,337,31,58,200,44,4
2007,Spain,335,23,25,245,37,5
2007,Uganda,320,53,9,169,89,0
2007,Moldova,319,7,8,128,176,0
2007,Tanzania,306,59,25,111,111,0
2007,Saint Lucia,305,118,D,172,D,0
2007,Unknown,304,62,14,185,40,3
2007,Congo (Democratic Republic),287,19,0,62,206,0
2007,Belize,284,131,D,137,D,0
2007,Sweden,276,25,23,157,64,7
2007,Hungary,266,14,19,165,66,2
2007,Kyrgyzstan,255,3,5,166,81,0
2007,Greece,246,33,9,141,62,1
2007,Laos,243,101,D,131,D,0
2007,Ireland,234,4,47,132,46,5
2007,Portugal,223,74,19,124,5,1
2007,Slovakia,220,20,17,90,91,2
2007,Azerbaijan,208,13,8,108,79,0
2007,Barbados,207,110,D,79,D,0
2007,Grenada,206,79,D,112,D,0
2007,Tonga,203,119,D,60,D,1
2007,Saint Kitts and Nevis,191,146,0,45,0,0
2007,Zimbabwe,185,22,41,80,42,0
2007,Congo (Republic),176,9,0,42,124,1
2007,Singapore,176,57,38,72,6,3
2007,Tunisia,173,19,7,94,51,2
2007,Guinea,171,18,19,86,48,0
2007,Saint Vincent and the Grenadines,170,76,3,91,0,0
2007,Switzerland,168,14,20,94,35,5
2007,Zambia,155,20,32,87,16,0
2007,Benin,150,0,8,23,119,0
2007,Antigua and Barbuda,149,80,3,66,0,0
2007,Mongolia,149,0,8,84,57,0
2007,Paraguay,149,19,18,107,5,0
2007,Belgium,144,16,19,87,20,2
2007,Gambia,135,17,10,100,8,0
2007,Latvia,134,5,5,93,31,0
2007,Croatia,133,14,10,88,20,1
2007,Macau,131,118,0,D,D,0
2007,Denmark,120,9,15,81,11,4
2007,Austria,119,6,20,48,38,7
2007,Czechia,116,6,9,82,19,0
2007,Uruguay,107,D,17,74,D,1
2007,Libya,99,17,14,53,15,0
2007,Finland,98,4,11,64,19,0
2007,Qatar,98,39,25,26,8,0
2007,Norway,87,9,9,60,7,2
2007,Estonia,85,D,D,62,18,0
2007,Dominica,80,46,D,D,0,0
2007,Mali,80,5,3,55,16,1
2007,Bahamas,76,10,12,48,6,0
2007,Oman,74,11,51,7,4,1
2007,Burkina Faso,73,4,11,14,44,0
2007,Suriname,68,36,D,D,D,0
2007,Turkmenistan,66,D,D,19,42,0
2007,Tajikistan,61,3,10,23,25,0
2007,Bahrain,59,18,30,11,0,0
2007,Samoa,58,8,D,43,D,0
2007,All other countries,52,4,7,31,10,0
2007,Czechoslovakia (former),48,D,D,33,12,0
2007,Rwanda,39,0,12,13,14,0
2007,Iceland,36,0,D,30,D,0
2007,Bermuda,33,D,D,28,0,1
2007,Cyprus,32,5,D,20,4,D
2007,Angola,25,14,0,11,0,0
2007,Malawi,25,D,D,13,6,0
2007,Netherlands Antilles (former),24,19,0,D,D,0
2007,Niger,24,D,D,8,12,0
2007,Soviet Union (former),23,0,D,D,0,0
2007,Virgin Islands (British),21,D,0,12,D,0
2007,Malta,20,10,D,D,0,0
2007,Mozambique,18,5,D,8,D,0
2007,Slovenia,18,D,0,14,D,0
2007,Montserrat,16,7,0,9,0,0
2007,Aruba,15,8,0,D,D,0
2007,Botswana,15,D,D,10,D,0
2007,Mauritius,15,3,D,8,D,1
2007,Djibouti,14,D,0,D,6,0
2007,Mauritania,14,D,0,10,D,0
2007,Brunei,13,4,6,3,0,0
2007,Burundi,13,D,0,8,D,0
2007,Gabon,13,D,0,D,7,0
2007,Madagascar,13,0,D,D,D,0
2007,Namibia,12,0,0,7,5,0
2007,Chad,11,0,0,8,3,0
2007,Marshall Islands,10,0,D,D,0,0
2007,Papua New Guinea,10,0,0,4,6,0
2007,United States,10,D,D,5,D,0
2007,Guinea-Bissau,9,0,D,D,0,0
2007,Cayman Islands,8,4,D,D,0,0
2007,Luxembourg,8,0,D,D,D,0
2007,French Polynesia,7,D,0,D,0,0
2007,Bhutan,6,0,D,D,0,0
2007,Anguilla,5,D,0,D,0,0
2007,Turks and Caicos Islands,5,D,D,D,0,0
2007,American Samoa,0,0,0,0,0,0
2007,Central African Republic,0,0,0,0,0,0
2006,Total,446881,142520,37489,223221,42618,1033
2006,Mexico,52714,17787,530,34301,8,88
2006,Philippines,41097,14169,13502,13373,7,46
2006,China (People's Republic),35418,14078,1502,19819,10,9
2006,India,31735,12775,5620,13221,33,86
2006,Dominican Republic,23074,13716,40,9312,D,D
2006,Vietnam,19233,11634,8,7452,0,139
2006,Jamaica,10969,4567,154,6245,D,D
2006,Bangladesh,10226,2668,112,4405,3038,3
2006,Colombia,8157,2275,244,5632,3,3
2006,Pakistan,7505,2982,290,4187,21,25
2006,Ecuador,7404,1965,719,4590,126,4
2006,Guatemala,7239,1094,80,6050,13,2
2006,El Salvador,6859,3153,174,3527,0,5
2006,Haiti,6504,2051,17,4435,0,1
2006,Ethiopia,6098,372,10,2559,3152,5
2006,Peru,6094,1559,249,3037,1239,10
2006,Korea (North and South),6050,1383,936,3626,95,10
2006,United Kingdom,6030,1024,2275,2381,310,40
2006,Nigeria,5908,859,238,1982,2821,8
2006,Russia,5902,157,113,5379,249,4
2006,Poland,5851,1998,356,1523,1945,29
2006,Egypt,5820,661,79,1382,3689,9
2006,Canada,5761,1699,1427,2184,275,176
2006,Guyana,5555,3816,24,1689,26,0
2006,Ukraine,5109,139,68,1711,3184,7
2006,Iran,4623,1539,97,2512,465,10
2006,Taiwan,4052,2316,248,1287,193,8
2006,Cuba,3787,1375,11,2099,302,0
2006,Japan,3603,99,507,2706,278,13
2006,Jordan,3546,1098,43,2350,49,6
2006,Yemen,3517,773,17,2677,50,0
2006,Germany,3506,382,307,2245,549,23
2006,Ghana,3339,513,44,1784,998,0
2006,Albania,3225,105,11,1781,1326,2
2006,Hong Kong,3194,2249,84,821,39,1
2006,Honduras,3109,855,113,2135,6,0
2006,Cambodia,2679,602,19,2012,46,0
2006,Romania,2574,230,107,1163,1068,6
2006,Bulgaria,2526,57,31,880,1550,8
2006,Morocco,2413,162,16,736,1498,1
2006,Unknown,2409,416,626,1031,307,29
2006,Kenya,2351,89,230,604,1424,4
2006,Trinidad and Tobago,2209,952,64,1139,49,5
2006,Nepal,2188,57,244,241,1643,3
2006,Brazil,2062,191,259,1455,145,12
2006,Nicaragua,1818,595,8,1204,9,2
2006,Lebanon,1711,832,76,739,60,4
2006,United Arab Emirates,1707,267,1100,218,119,3
2006,Israel,1664,211,199,1036,203,15
2006,Thailand,1577,273,69,1195,38,2
2006,Serbia and Montenegro,1559,97,16,1233,212,1
2006,Turkey,1522,160,126,608,622,6
2006,Syria,1515,727,27,743,17,1
2006,France,1455,267,257,707,215,9
2006,Venezuela,1453,306,89,929,125,4
2006,Australia,1255,162,205,612,261,15
2006,Uzbekistan,1172,D,D,301,857,0
2006,Liberia,1075,113,26,666,270,0
2006,Burma,1013,244,50,308,411,0
2006,Fiji,994,299,6,383,306,0
2006,Armenia,946,68,11,433,434,0
2006,Saudi Arabia,943,231,310,292,103,7
2006,Cameroon,899,54,11,304,529,1
2006,Bolivia,885,146,68,619,49,3
2006,Togo,883,9,12,94,768,0
2006,Cabo Verde,845,541,0,304,0,0
2006,Kuwait,830,117,552,143,16,2
2006,Panama,792,253,22,506,8,3
2006,Kazakhstan,790,9,6,704,70,1
2006,Argentina,714,100,171,388,45,10
2006,Italy,688,76,43,471,96,2
2006,Costa Rica,676,77,31,556,11,1
2006,South Africa,664,55,170,337,99,3
2006,Sri Lanka,663,147,35,194,285,2
2006,Macedonia,653,115,9,403,126,0
2006,Spain,626,68,25,491,35,7
2006,Algeria,601,26,6,234,334,1
2006,Indonesia,596,83,18,377,112,6
2006,Lithuania,587,23,7,229,327,1
2006,Bosnia and Herzegovina,578,D,D,539,24,0
2006,Belarus,571,10,9,167,385,0
2006,Greece,542,64,27,247,203,1
2006,Netherlands,514,91,55,313,47,8
2006,New Zealand,499,94,130,210,62,3
2006,Senegal,492,55,40,335,62,0
2006,Singapore,475,79,186,167,36,7
2006,Sudan,472,35,4,235,194,4
2006,Sweden,461,51,41,311,53,5
2006,Chile,456,48,11,378,17,2
2006,Malaysia,455,126,62,232,29,6
2006,Saint Lucia,431,162,D,241,D,0
2006,Cote d'Ivoire,407,25,8,190,184,0
2006,Sierra Leone,400,58,8,320,14,0
2006,Qatar,397,98,195,75,29,0
2006,Oman,395,25,343,21,6,0
2006,Ireland,389,15,134,175,61,4
2006,Eritrea,371,31,3,237,100,0
2006,Hungary,355,14,25,249,62,5
2006,Georgia,338,3,4,151,180,0
2006,Switzerland,318,36,41,183,55,3
2006,Barbados,316,174,D,123,D,4
2006,Grenada,304,128,11,165,0,0
2006,Slovakia,297,36,21,132,106,2
2006,Belize,296,86,D,202,D,0
2006,Antigua and Barbuda,289,177,D,109,D,0
2006,Portugal,281,76,21,174,9,1
2006,Congo (Republic),275,D,D,55,202,0
2006,Macau,251,205,D,37,D,0
2006,Uganda,250,21,16,147,66,0
2006,Moldova,248,7,13,150,78,0
2006,Saint Vincent and the Grenadines,236,131,D,D,0,0
2006,Laos,228,71,4,153,0,0
2006,Belgium,226,17,16,159,33,1
2006,Saint Kitts and Nevis,221,149,0,D,D,0
2006,Kyrgyzstan,217,6,9,142,60,0
2006,Norway,210,27,26,136,20,1
2006,Denmark,185,20,30,122,12,1
2006,Paraguay,183,24,D,144,D,0
2006,Tanzania,181,23,5,98,52,3
2006,Bahrain,167,D,100,44,D,0
2006,Latvia,164,10,7,99,47,1
2006,Benin,156,D,D,43,106,1
2006,Tonga,150,57,4,51,38,0
2006,Guinea,142,13,5,94,30,0
2006,Zimbabwe,142,31,11,77,23,0
2006,Croatia,138,12,9,107,10,0
2006,Gambia,138,12,4,92,30,0
2006,Czechoslovakia (former),136,8,19,89,19,1
2006,Bahamas,130,30,28,59,12,1
2006,Finland,130,13,D,91,23,D
2006,Suriname,130,64,3,62,0,1
2006,Austria,124,14,25,60,23,2
2006,Tunisia,124,7,6,71,40,0
2006,Czechia,118,5,14,82,17,0
2006,Azerbaijan,112,0,0,71,41,0
2006,Bermuda,106,13,D,81,D,0
2006,Dominica,103,58,D,D,0,0
2006,Zambia,103,D,D,67,24,0
2006,Uruguay,95,11,9,68,3,4
2006,Burkina Faso,84,7,8,27,42,0
2006,Iceland,78,D,D,68,5,0
2006,Afghanistan,73,25,0,48,0,0
2006,Iraq,64,D,D,46,0,0
2006,Estonia,59,D,D,44,12,0
2006,Libya,56,9,5,29,13,0
2006,Cyprus,55,D,D,34,13,0
2006,Mali,55,9,7,33,6,0
2006,Congo (Democratic Republic),42,D,0,D,35,0
2006,Virgin Islands (British),42,22,3,16,0,1
2006,Netherlands Antilles (former),39,D,0,23,D,0
2006,Turkmenistan,39,0,0,19,20,0
2006,Botswana,38,3,3,18,13,1
2006,Soviet Union (former),35,D,D,31,0,0
2006,Somalia,33,D,0,26,D,0
2006,Cayman Islands,32,6,D,21,D,0
2006,Mongolia,32,0,D,25,D,0
2006,Tajikistan,31,3,0,22,6,0
2006,Rwanda,28,0,0,12,16,0
2006,Samoa,24,6,0,18,0,0
2006,Anguilla,23,13,0,10,0,0
2006,Malawi,22,7,0,9,6,0
2006,All other countries,22,D,D,10,6,0
2006,Burundi,20,0,0,5,15,0
2006,Angola,19,5,0,6,8,0
2006,Malta,17,0,0,13,4,0
2006,Djibouti,16,0,0,16,0,0
2006,Gabon,15,0,0,4,11,0
2006,Madagascar,14,7,0,7,0,0
2006,Slovenia,14,D,D,11,0,0
2006,Brunei,13,5,D,D,4,0
2006,Mauritania,13,0,0,9,4,0
2006,French Polynesia,12,D,0,9,D,0
2006,Turks and Caicos Islands,12,D,7,D,0,0
2006,Mozambique,10,0,0,10,0,0
2006,Luxembourg,9,4,0,5,0,0
2006,Montserrat,9,D,0,4,D,0
2006,Namibia,8,0,0,8,0,0
2006,Aruba,7,0,0,7,0,0
2006,Marshall Islands,7,0,0,7,0,0
2006,Lesotho,6,0,0,6,0,0
2006,Papua New Guinea,6,0,0,D,D,0
2006,Guinea-Bissau,5,0,D,D,0,0
2006,Mauritius,5,0,D,D,D,0
2006,Niger,5,0,D,D,D,0
2006,Bhutan,4,0,0,4,0,0
2006,Palau,4,D,0,D,D,0
2006,Swaziland,4,D,0,D,0,0
2006,Central African Republic,3,0,0,D,D,0
2006,Chad,D,0,0,D,D,0
2006,Equatorial Guinea,D,0,0,D,D,0
2006,Micronesia (Federated States),D,0,0,D,0,0
